stratum,label,contig,start,end,size,route,prefetch,context,snarls,limit,blockSize,ok,error,fragments,nodes,paths,gfaBytes,graphRequests,graphBytes,indexRequests,indexBytes,pagerGraphFetches,pagerIndexFetches,companionSeeks,graphLookups,keepFallback,keepPieces,totalMs,maxRssMb,wallS,status,open_ms,open_graphRequests,open_graphBytes,open_indexRequests,open_indexBytes,paths_ms,paths_graphRequests,paths_graphBytes,paths_indexRequests,paths_indexBytes,extract_ms,extract_graphRequests,extract_graphBytes,extract_indexRequests,extract_indexBytes,identify_ms,identify_graphRequests,identify_graphBytes,identify_indexRequests,identify_indexBytes,gfa_ms,gfa_graphRequests,gfa_graphBytes,gfa_indexRequests,gfa_indexBytes,keep_scan_ms,keep_walks_ms,keep_check_ms,keep_twins_ms
random-chr6,chr6-0,GRCh38#0#chr6,37068127,37068427,300,sampled,on,1000,contained,100000,65536,True,,1,102,464,343638,12,3276800,7,458752,12,7,56376,56376,,,4398,,,ok,716,1,65536,1,65536,1911,5,2818048,1,65536,971,6,393216,0,0,793,0,0,5,327680,6,0,0,0,0,,,,
random-chr6,chr6-0,GRCh38#0#chr6,37068127,37068427,300,sampled,off,1000,contained,100000,65536,True,,1,102,464,343638,50,3276800,7,458752,50,7,56376,56376,,,8169,,,ok,697,1,65536,1,65536,5933,43,2818048,1,65536,744,6,393216,0,0,790,0,0,5,327680,6,0,0,0,0,,,,
random-chr6,chr6-0,GRCh38#0#chr6,37068127,37068427,300,keep1,on,1000,contained,100000,65536,True,,1,70,3,7732,15,3932160,24,1572864,15,24,0,0,,3,4461,,,ok,740,1,65536,1,65536,1896,5,2818048,1,65536,1821,9,1048576,22,1441792,0,0,0,0,0,3,0,0,0,0,633,202,35,1
random-chr6,chr6-0,GRCh38#0#chr6,37068127,37068427,300,keep1,off,1000,contained,100000,65536,True,,1,70,3,7732,60,3932160,24,1572864,60,24,0,0,,3,9618,,,ok,682,1,65536,1,65536,6159,43,2818048,1,65536,2774,16,1048576,22,1441792,0,0,0,0,0,3,0,0,0,0,741,1237,29,0
random-chr6,chr6-0,GRCh38#0#chr6,37068127,37068427,300,keep8,on,1000,contained,100000,65536,True,,1,71,9,12180,15,3932160,24,1572864,15,24,0,0,,9,4498,,,ok,700,1,65536,1,65536,1904,5,2818048,1,65536,1890,9,1048576,22,1441792,0,0,0,0,0,3,0,0,0,0,636,246,36,0
random-chr6,chr6-0,GRCh38#0#chr6,37068127,37068427,300,keep8,off,1000,contained,100000,65536,True,,1,71,9,12180,60,3932160,24,1572864,60,24,0,0,,9,9416,,,ok,720,1,65536,1,65536,5922,43,2818048,1,65536,2771,16,1048576,22,1441792,0,0,0,0,0,3,0,0,0,0,721,1289,37,0
random-chr6,chr6-1,GRCh38#0#chr6,153794500,153794800,300,sampled,on,1000,contained,100000,65536,True,,1,171,464,491086,13,3342336,7,458752,13,7,94179,94179,,,4891,,,ok,713,1,65536,1,65536,1935,5,2818048,1,65536,1118,7,458752,0,0,1118,0,0,5,327680,7,0,0,0,0,,,,
random-chr6,chr6-1,GRCh38#0#chr6,153794500,153794800,300,sampled,off,1000,contained,100000,65536,True,,1,171,464,491086,51,3342336,7,458752,51,7,94179,94179,,,8770,,,ok,719,1,65536,1,65536,5929,43,2818048,1,65536,918,7,458752,0,0,1195,0,0,5,327680,9,0,0,0,0,,,,
random-chr6,chr6-1,GRCh38#0#chr6,153794500,153794800,300,keep1,on,1000,contained,100000,65536,True,,1,100,3,9903,16,3932160,21,1376256,16,21,0,0,,3,4283,,,ok,597,1,65536,1,65536,1922,5,2818048,1,65536,1760,10,1048576,19,1245184,0,0,0,0,0,3,0,0,0,0,631,221,30,0
random-chr6,chr6-1,GRCh38#0#chr6,153794500,153794800,300,keep1,off,1000,contained,100000,65536,True,,1,100,3,9903,60,3932160,21,1376256,60,21,0,0,,3,9488,,,ok,611,1,65536,1,65536,6118,43,2818048,1,65536,2755,16,1048576,19,1245184,0,0,0,0,0,3,0,0,0,0,735,1120,31,0
random-chr6,chr6-1,GRCh38#0#chr6,153794500,153794800,300,keep8,on,1000,contained,100000,65536,True,,1,131,9,18608,16,3932160,21,1376256,16,21,0,0,,9,4190,,,ok,594,1,65536,1,65536,1832,5,2818048,1,65536,1761,10,1048576,19,1245184,0,0,0,0,0,4,0,0,0,0,643,237,30,0
random-chr6,chr6-1,GRCh38#0#chr6,153794500,153794800,300,keep8,off,1000,contained,100000,65536,True,,1,131,9,18608,60,3932160,21,1376256,60,21,0,0,,9,9446,,,ok,611,1,65536,1,65536,5997,43,2818048,1,65536,2833,16,1048576,19,1245184,0,0,0,0,0,5,0,0,0,0,754,1167,31,1
random-chr6,chr6-2,GRCh38#0#chr6,17940109,17940409,300,sampled,on,1000,contained,100000,65536,True,,1,99,464,327487,13,3342336,8,524288,13,8,299,299,,,4050,,,ok,618,1,65536,1,65536,2074,5,2818048,1,65536,841,6,393216,0,0,512,1,65536,6,393216,5,0,0,0,0,,,,
random-chr6,chr6-2,GRCh38#0#chr6,17940109,17940409,300,sampled,off,1000,contained,100000,65536,True,,1,99,464,327487,51,3342336,8,524288,51,8,299,299,,,7764,,,ok,627,1,65536,1,65536,5943,43,2818048,1,65536,708,6,393216,0,0,480,1,65536,6,393216,6,0,0,0,0,,,,
random-chr6,chr6-2,GRCh38#0#chr6,17940109,17940409,300,keep1,on,1000,contained,100000,65536,True,,1,68,3,7854,15,3932160,22,1441792,15,22,0,0,,3,4548,,,ok,600,1,65536,1,65536,2147,5,2818048,1,65536,1798,9,1048576,20,1310720,0,0,0,0,0,3,0,0,0,0,856,167,32,0
random-chr6,chr6-2,GRCh38#0#chr6,17940109,17940409,300,keep1,off,1000,contained,100000,65536,True,,1,68,3,7854,60,3932160,22,1441792,60,22,0,0,,3,9562,,,ok,868,1,65536,1,65536,6016,43,2818048,1,65536,2675,16,1048576,20,1310720,0,0,0,0,0,3,0,0,0,0,701,1222,29,0
random-chr6,chr6-2,GRCh38#0#chr6,17940109,17940409,300,keep8,on,1000,contained,100000,65536,True,,1,71,9,12207,15,3932160,22,1441792,15,22,0,0,,9,4353,,,ok,630,1,65536,1,65536,1937,5,2818048,1,65536,1784,9,1048576,20,1310720,0,0,0,0,0,3,0,0,0,0,808,224,37,0
random-chr6,chr6-2,GRCh38#0#chr6,17940109,17940409,300,keep8,off,1000,contained,100000,65536,True,,1,71,9,12207,60,3932160,22,1441792,60,22,0,0,,9,9543,,,ok,677,1,65536,1,65536,6132,43,2818048,1,65536,2731,16,1048576,20,1310720,0,0,0,0,0,3,0,0,0,0,692,1269,33,0
random-chr6,chr6-3,GRCh38#0#chr6,69469571,69469871,300,sampled,on,1000,contained,100000,65536,True,,1,131,466,430758,13,3342336,8,524288,13,8,251381,251381,,,6042,,,ok,599,1,65536,1,65536,1880,5,2818048,1,65536,845,6,393216,0,0,2712,1,65536,6,393216,7,0,0,0,0,,,,
random-chr6,chr6-3,GRCh38#0#chr6,69469571,69469871,300,sampled,off,1000,contained,100000,65536,True,,1,131,466,430758,51,3342336,8,524288,51,8,251381,251381,,,10116,,,ok,614,1,65536,1,65536,6202,43,2818048,1,65536,716,6,393216,0,0,2576,1,65536,6,393216,8,0,0,0,0,,,,
random-chr6,chr6-3,GRCh38#0#chr6,69469571,69469871,300,keep1,on,1000,contained,100000,65536,True,,1,89,3,8928,14,4128768,22,1441792,14,22,0,0,,3,4192,,,ok,628,1,65536,1,65536,1924,5,2818048,1,65536,1637,8,1245184,20,1310720,0,0,0,0,0,3,0,0,0,0,614,299,0,0
random-chr6,chr6-3,GRCh38#0#chr6,69469571,69469871,300,keep1,off,1000,contained,100000,65536,True,,1,89,3,8928,63,4128768,22,1441792,63,22,0,0,,3,9777,,,ok,712,1,65536,1,65536,6094,43,2818048,1,65536,2968,19,1245184,20,1310720,0,0,0,0,0,3,0,0,0,0,619,1646,0,0
random-chr6,chr6-3,GRCh38#0#chr6,69469571,69469871,300,keep8,on,1000,contained,100000,65536,True,,1,94,9,14742,14,4128768,22,1441792,14,22,0,0,,9,4247,,,ok,627,1,65536,1,65536,1987,5,2818048,1,65536,1630,8,1245184,20,1310720,0,0,0,0,0,3,0,0,0,0,644,272,0,0
random-chr6,chr6-3,GRCh38#0#chr6,69469571,69469871,300,keep8,off,1000,contained,100000,65536,True,,1,94,9,14742,63,4128768,22,1441792,63,22,0,0,,9,9570,,,ok,644,1,65536,1,65536,5946,43,2818048,1,65536,2978,19,1245184,20,1310720,0,0,0,0,0,3,0,0,0,0,628,1637,0,0
random-chr6,chr6-4,GRCh38#0#chr6,32653560,32653860,300,sampled,on,1000,contained,100000,65536,True,,1,842,464,2523816,13,3342336,7,458752,13,7,47040,47040,,,4466,,,ok,609,1,65536,1,65536,2073,5,2818048,1,65536,876,6,393216,0,0,888,1,65536,5,327680,21,0,0,0,0,,,,
random-chr6,chr6-4,GRCh38#0#chr6,32653560,32653860,300,sampled,off,1000,contained,100000,65536,True,,1,842,464,2523816,51,3342336,7,458752,51,7,47040,47040,,,8371,,,ok,632,1,65536,1,65536,6071,43,2818048,1,65536,784,6,393216,0,0,864,1,65536,5,327680,19,0,0,0,0,,,,
random-chr6,chr6-4,GRCh38#0#chr6,32653560,32653860,300,keep1,on,1000,contained,100000,65536,True,,1,741,3,56356,17,5505024,23,1507328,17,23,0,0,,3,5152,,,ok,600,1,65536,1,65536,1991,5,2818048,1,65536,2552,11,2621440,21,1376256,0,0,0,0,0,9,0,0,0,0,799,1002,2,0
random-chr6,chr6-4,GRCh38#0#chr6,32653560,32653860,300,keep1,off,1000,contained,100000,65536,True,,1,741,3,56356,84,5505024,23,1507328,84,23,0,0,,3,12245,,,ok,662,1,65536,1,65536,5829,43,2818048,1,65536,5747,40,2621440,21,1376256,0,0,0,0,0,7,0,0,0,0,735,4291,2,0
random-chr6,chr6-4,GRCh38#0#chr6,32653560,32653860,300,keep8,on,1000,contained,100000,65536,True,,1,773,9,90626,17,5505024,23,1507328,17,23,0,0,,9,5400,,,ok,672,1,65536,1,65536,2050,5,2818048,1,65536,2670,11,2621440,21,1376256,0,0,0,0,0,8,0,0,0,0,804,1126,5,1
random-chr6,chr6-4,GRCh38#0#chr6,32653560,32653860,300,keep8,off,1000,contained,100000,65536,True,,1,773,9,90626,84,5505024,23,1507328,84,23,0,0,,9,12767,,,ok,708,1,65536,1,65536,5953,43,2818048,1,65536,6095,40,2621440,21,1376256,0,0,0,0,0,11,0,0,0,0,740,4611,4,0
random-chr6,chr6-5,GRCh38#0#chr6,133992343,133992643,300,sampled,on,1000,contained,100000,65536,True,,1,65,464,226797,12,3276800,7,458752,12,7,132809,132809,,,4741,,,ok,615,1,65536,1,65536,1872,5,2818048,1,65536,820,6,393216,0,0,1429,0,0,5,327680,5,0,0,0,0,,,,
random-chr6,chr6-5,GRCh38#0#chr6,133992343,133992643,300,sampled,off,1000,contained,100000,65536,True,,1,65,464,226797,50,3276800,7,458752,50,7,132809,132809,,,8715,,,ok,604,1,65536,1,65536,5923,43,2818048,1,65536,723,6,393216,0,0,1458,0,0,5,327680,6,0,0,0,0,,,,
random-chr6,chr6-5,GRCh38#0#chr6,133992343,133992643,300,keep1,on,1000,contained,100000,65536,True,,1,46,3,6005,15,3735552,20,1310720,15,20,0,0,,3,4111,,,ok,581,1,65536,1,65536,2046,5,2818048,1,65536,1482,9,851968,18,1179648,0,0,0,0,0,3,0,0,0,0,587,159,31,0
random-chr6,chr6-5,GRCh38#0#chr6,133992343,133992643,300,keep1,off,1000,contained,100000,65536,True,,1,46,3,6005,57,3735552,20,1310720,57,20,0,0,,3,8621,,,ok,592,1,65536,1,65536,5825,43,2818048,1,65536,2201,13,851968,18,1179648,0,0,0,0,0,3,0,0,0,0,570,887,29,0
random-chr6,chr6-5,GRCh38#0#chr6,133992343,133992643,300,keep8,on,1000,contained,100000,65536,True,,1,49,9,9103,15,3735552,20,1310720,15,20,0,0,,9,4269,,,ok,588,1,65536,1,65536,2066,5,2818048,1,65536,1612,9,851968,18,1179648,0,0,0,0,0,3,0,0,0,0,621,222,34,0
random-chr6,chr6-5,GRCh38#0#chr6,133992343,133992643,300,keep8,off,1000,contained,100000,65536,True,,1,49,9,9103,57,3735552,20,1310720,57,20,0,0,,9,8879,,,ok,639,1,65536,1,65536,5990,43,2818048,1,65536,2248,13,851968,18,1179648,0,0,0,0,0,3,0,0,0,0,603,890,26,0
random-chr6,chr6-6,GRCh38#0#chr6,121659338,121659638,300,sampled,on,1000,contained,100000,65536,True,,1,78,464,276981,12,3276800,7,458752,12,7,60408,60408,,,4191,,,ok,608,1,65536,1,65536,1910,5,2818048,1,65536,857,6,393216,0,0,810,0,0,5,327680,6,0,0,0,0,,,,
random-chr6,chr6-6,GRCh38#0#chr6,121659338,121659638,300,sampled,off,1000,contained,100000,65536,True,,1,78,464,276981,50,3276800,7,458752,50,7,60408,60408,,,8049,,,ok,637,1,65536,1,65536,5907,43,2818048,1,65536,701,6,393216,0,0,799,0,0,5,327680,5,0,0,0,0,,,,
random-chr6,chr6-6,GRCh38#0#chr6,121659338,121659638,300,keep1,on,1000,contained,100000,65536,True,,1,55,3,6703,15,3932160,23,1507328,15,23,0,0,,3,4424,,,ok,625,1,65536,1,65536,2133,5,2818048,1,65536,1662,9,1048576,21,1376256,0,0,0,0,0,3,0,0,0,0,726,164,35,0
random-chr6,chr6-6,GRCh38#0#chr6,121659338,121659638,300,keep1,off,1000,contained,100000,65536,True,,1,55,3,6703,60,3932160,23,1507328,60,23,0,0,,3,10150,,,ok,892,1,65536,1,65536,6410,43,2818048,1,65536,2844,16,1048576,21,1376256,0,0,0,0,0,3,0,0,0,0,666,1285,28,0
random-chr6,chr6-6,GRCh38#0#chr6,121659338,121659638,300,keep8,on,1000,contained,100000,65536,True,,1,56,9,10277,15,3932160,23,1507328,15,23,0,0,,9,4212,,,ok,608,1,65536,1,65536,1918,5,2818048,1,65536,1683,9,1048576,21,1376256,0,0,0,0,0,3,0,0,0,0,714,215,30,0
random-chr6,chr6-6,GRCh38#0#chr6,121659338,121659638,300,keep8,off,1000,contained,100000,65536,True,,1,56,9,10277,60,3932160,23,1507328,60,23,0,0,,9,9104,,,ok,656,1,65536,1,65536,5689,43,2818048,1,65536,2756,16,1048576,21,1376256,0,0,0,0,0,3,0,0,0,0,712,1277,29,0
random-chr6,chr6-7,GRCh38#0#chr6,127767366,127767666,300,sampled,on,1000,contained,100000,65536,True,,1,98,465,331530,12,3276800,8,524288,12,8,129372,129372,,,4712,,,ok,605,1,65536,1,65536,1875,5,2818048,1,65536,822,6,393216,0,0,1404,0,0,6,393216,6,0,0,0,0,,,,
random-chr6,chr6-7,GRCh38#0#chr6,127767366,127767666,300,sampled,off,1000,contained,100000,65536,True,,1,98,465,331530,50,3276800,8,524288,50,8,129372,129372,,,8974,,,ok,689,1,65536,1,65536,6142,43,2818048,1,65536,774,6,393216,0,0,1364,0,0,6,393216,6,0,0,0,0,,,,
random-chr6,chr6-7,GRCh38#0#chr6,127767366,127767666,300,keep1,on,1000,contained,100000,65536,True,,1,68,3,7556,15,3735552,21,1376256,15,21,0,0,,3,4454,,,ok,618,1,65536,1,65536,1973,5,2818048,1,65536,1860,9,851968,19,1245184,0,0,0,0,0,4,0,0,0,0,668,411,0,0
random-chr6,chr6-7,GRCh38#0#chr6,127767366,127767666,300,keep1,off,1000,contained,100000,65536,True,,1,68,3,7556,57,3735552,21,1376256,57,21,0,0,,3,8721,,,ok,612,1,65536,1,65536,5785,43,2818048,1,65536,2319,13,851968,19,1245184,0,0,0,0,0,4,0,0,0,0,737,870,0,0
random-chr6,chr6-7,GRCh38#0#chr6,127767366,127767666,300,keep8,on,1000,contained,100000,65536,True,,1,66,9,11604,15,3735552,21,1376256,15,21,0,0,,9,4194,,,ok,636,1,65536,1,65536,1952,5,2818048,1,65536,1603,9,851968,19,1245184,0,0,0,0,0,3,0,0,0,0,678,194,0,0
random-chr6,chr6-7,GRCh38#0#chr6,127767366,127767666,300,keep8,off,1000,contained,100000,65536,True,,1,66,9,11604,57,3735552,21,1376256,57,21,0,0,,9,9177,,,ok,637,1,65536,1,65536,6222,43,2818048,1,65536,2315,13,851968,19,1245184,0,0,0,0,0,3,0,0,0,0,680,930,0,0
random-chr6,chr6-8,GRCh38#0#chr6,102902185,102902485,300,sampled,on,1000,contained,100000,65536,True,,1,102,465,347031,13,3342336,7,458752,13,7,63400,63400,,,4453,,,ok,617,1,65536,1,65536,1985,5,2818048,1,65536,851,6,393216,0,0,995,1,65536,5,327680,5,0,0,0,0,,,,
random-chr6,chr6-8,GRCh38#0#chr6,102902185,102902485,300,sampled,off,1000,contained,100000,65536,True,,1,102,465,347031,51,3342336,7,458752,51,7,63400,63400,,,9199,,,ok,707,1,65536,1,65536,6776,43,2818048,1,65536,754,6,393216,0,0,957,1,65536,5,327680,6,0,0,0,0,,,,
random-chr6,chr6-8,GRCh38#0#chr6,102902185,102902485,300,keep1,on,1000,contained,100000,65536,True,,1,72,3,7755,15,3735552,21,1376256,15,21,0,0,,3,4310,,,ok,674,1,65536,1,65536,1999,5,2818048,1,65536,1634,9,851968,19,1245184,0,0,0,0,0,3,0,0,0,0,749,170,0,0
random-chr6,chr6-8,GRCh38#0#chr6,102902185,102902485,300,keep1,off,1000,contained,100000,65536,True,,1,72,3,7755,56,3670016,21,1376256,56,21,0,0,,3,8892,,,ok,612,1,65536,1,65536,5954,43,2818048,1,65536,2321,12,786432,19,1245184,0,0,0,0,0,4,0,0,0,0,741,779,0,0
random-chr6,chr6-8,GRCh38#0#chr6,102902185,102902485,300,keep8,on,1000,contained,100000,65536,True,,1,76,9,12475,15,3735552,21,1376256,15,21,0,0,,9,4279,,,ok,612,1,65536,1,65536,1952,5,2818048,1,65536,1711,9,851968,19,1245184,0,0,0,0,0,4,0,0,0,0,770,215,0,0
random-chr6,chr6-8,GRCh38#0#chr6,102902185,102902485,300,keep8,off,1000,contained,100000,65536,True,,1,76,9,12475,56,3670016,21,1376256,56,21,0,0,,9,8832,,,ok,683,1,65536,1,65536,5871,43,2818048,1,65536,2276,12,786432,19,1245184,0,0,0,0,0,3,0,0,0,0,729,814,0,0
random-chr6,chr6-9,GRCh38#0#chr6,57359314,57359614,300,sampled,on,1000,contained,100000,65536,True,,1,48,464,178930,12,3276800,8,524288,12,8,0,0,,,3704,,,ok,601,1,65536,1,65536,1934,5,2818048,1,65536,792,6,393216,0,0,372,0,0,6,393216,5,0,0,0,0,,,,
random-chr6,chr6-9,GRCh38#0#chr6,57359314,57359614,300,sampled,off,1000,contained,100000,65536,True,,1,48,464,178930,50,3276800,8,524288,50,8,0,0,,,7808,,,ok,622,1,65536,1,65536,6119,43,2818048,1,65536,746,6,393216,0,0,317,0,0,6,393216,4,0,0,0,0,,,,
random-chr6,chr6-9,GRCh38#0#chr6,57359314,57359614,300,keep1,on,1000,contained,100000,65536,True,,1,33,3,5313,16,3997696,23,1507328,16,23,0,0,,3,4433,,,ok,661,1,65536,1,65536,1916,5,2818048,1,65536,1854,10,1114112,21,1376256,0,0,0,0,0,3,0,0,0,0,869,171,67,0
random-chr6,chr6-9,GRCh38#0#chr6,57359314,57359614,300,keep1,off,1000,contained,100000,65536,True,,1,33,3,5313,61,3997696,23,1507328,61,23,0,0,,3,9527,,,ok,637,1,65536,1,65536,5983,43,2818048,1,65536,2905,17,1114112,21,1376256,0,0,0,0,0,3,0,0,0,0,730,1328,69,0
random-chr6,chr6-9,GRCh38#0#chr6,57359314,57359614,300,keep8,on,1000,contained,100000,65536,True,,1,35,9,7733,16,3997696,23,1507328,16,23,0,0,,9,4499,,,ok,598,1,65536,1,65536,2007,5,2818048,1,65536,1890,10,1114112,21,1376256,0,0,0,0,0,3,0,0,0,0,853,225,73,0
random-chr6,chr6-9,GRCh38#0#chr6,57359314,57359614,300,keep8,off,1000,contained,100000,65536,True,,1,35,9,7733,61,3997696,23,1507328,61,23,0,0,,9,9364,,,ok,635,1,65536,1,65536,5896,43,2818048,1,65536,2831,17,1114112,21,1376256,0,0,0,0,0,3,0,0,0,0,737,1281,78,0
random-chr1,chr1-0,GRCh38#0#chr1,26195240,26195540,300,sampled,on,1000,contained,100000,65536,True,,1,116,464,317376,13,3342336,8,524288,13,8,168885,168885,,,5463,,,ok,607,1,65536,1,65536,1980,5,2818048,1,65536,931,6,393216,0,0,1940,1,65536,6,393216,5,0,0,0,0,,,,
random-chr1,chr1-0,GRCh38#0#chr1,26195240,26195540,300,sampled,off,1000,contained,100000,65536,True,,1,116,464,317376,51,3342336,8,524288,51,8,168885,168885,,,9350,,,ok,631,1,65536,1,65536,6004,43,2818048,1,65536,739,6,393216,0,0,1970,1,65536,6,393216,6,0,0,0,0,,,,
random-chr1,chr1-0,GRCh38#0#chr1,26195240,26195540,300,keep1,on,1000,contained,100000,65536,True,,1,88,3,8685,14,3866624,25,1638400,14,25,0,0,,3,4228,,,ok,603,1,65536,1,65536,1984,5,2818048,1,65536,1638,8,983040,23,1507328,0,0,0,0,0,3,0,0,0,0,714,169,0,0
random-chr1,chr1-0,GRCh38#0#chr1,26195240,26195540,300,keep1,off,1000,contained,100000,65536,True,,1,88,3,8685,59,3866624,25,1638400,59,25,0,0,,3,9217,,,ok,624,1,65536,1,65536,6028,43,2818048,1,65536,2560,15,983040,23,1507328,0,0,0,0,0,4,0,0,0,0,703,1109,0,1
random-chr1,chr1-0,GRCh38#0#chr1,26195240,26195540,300,keep8,on,1000,contained,100000,65536,True,,1,94,9,12986,14,3866624,25,1638400,14,25,0,0,,9,4339,,,ok,605,1,65536,1,65536,2050,5,2818048,1,65536,1680,8,983040,23,1507328,0,0,0,0,0,4,0,0,0,0,725,218,0,0
random-chr1,chr1-0,GRCh38#0#chr1,26195240,26195540,300,keep8,off,1000,contained,100000,65536,True,,1,94,9,12986,59,3866624,25,1638400,59,25,0,0,,9,9163,,,ok,626,1,65536,1,65536,5884,43,2818048,1,65536,2647,15,983040,23,1507328,0,0,0,0,0,6,0,0,0,0,756,1183,0,1
random-chr1,chr1-1,GRCh38#0#chr1,8609466,8609766,300,sampled,on,1000,contained,100000,65536,True,,1,91,464,277584,13,3342336,7,458752,13,7,110677,110677,,,4911,,,ok,627,1,65536,1,65536,1905,5,2818048,1,65536,867,6,393216,0,0,1507,1,65536,5,327680,5,0,0,0,0,,,,
random-chr1,chr1-1,GRCh38#0#chr1,8609466,8609766,300,sampled,off,1000,contained,100000,65536,True,,1,91,464,277584,51,3342336,7,458752,51,7,110677,110677,,,8945,,,ok,633,1,65536,1,65536,5865,43,2818048,1,65536,723,6,393216,0,0,1716,1,65536,5,327680,7,0,0,0,0,,,,
random-chr1,chr1-1,GRCh38#0#chr1,8609466,8609766,300,keep1,on,1000,contained,100000,65536,True,,1,63,3,6783,15,3932160,18,1179648,15,18,0,0,,3,4186,,,ok,628,1,65536,1,65536,1973,5,2818048,1,65536,1582,9,1048576,16,1048576,0,0,0,0,0,3,0,0,0,0,702,191,0,0
random-chr1,chr1-1,GRCh38#0#chr1,8609466,8609766,300,keep1,off,1000,contained,100000,65536,True,,1,63,3,6783,60,3932160,18,1179648,60,18,0,0,,3,9069,,,ok,636,1,65536,1,65536,5825,43,2818048,1,65536,2606,16,1048576,16,1048576,0,0,0,0,0,3,0,0,0,0,635,1232,0,0
random-chr1,chr1-1,GRCh38#0#chr1,8609466,8609766,300,keep8,on,1000,contained,100000,65536,True,,1,63,9,10300,15,3932160,18,1179648,15,18,0,0,,9,4144,,,ok,594,1,65536,1,65536,1828,5,2818048,1,65536,1717,9,1048576,16,1048576,0,0,0,0,0,5,0,0,0,0,729,245,0,1
random-chr1,chr1-1,GRCh38#0#chr1,8609466,8609766,300,keep8,off,1000,contained,100000,65536,True,,1,63,9,10300,60,3932160,18,1179648,60,18,0,0,,9,9365,,,ok,587,1,65536,1,65536,6105,43,2818048,1,65536,2670,16,1048576,16,1048576,0,0,0,0,0,3,0,0,0,0,646,1315,0,0
random-chr17,chr17-0,GRCh38#0#chr17,53319252,53319552,300,sampled,on,1000,contained,100000,65536,True,,1,75,464,235873,12,3276800,8,524288,12,8,70548,70548,,,4686,,,ok,594,1,65536,1,65536,1881,5,2818048,1,65536,1106,6,393216,0,0,1100,0,0,6,393216,5,0,0,0,0,,,,
random-chr17,chr17-0,GRCh38#0#chr17,53319252,53319552,300,sampled,off,1000,contained,100000,65536,True,,1,75,464,235873,50,3276800,8,524288,50,8,70548,70548,,,8366,,,ok,623,1,65536,1,65536,6012,43,2818048,1,65536,721,6,393216,0,0,1004,0,0,6,393216,6,0,0,0,0,,,,
random-chr17,chr17-0,GRCh38#0#chr17,53319252,53319552,300,keep1,on,1000,contained,100000,65536,True,,1,54,3,6060,14,3735552,24,1572864,14,24,0,0,,3,4482,,,ok,609,1,65536,1,65536,2116,5,2818048,1,65536,1753,8,851968,22,1441792,0,0,0,0,0,3,0,0,0,0,815,168,44,0
random-chr17,chr17-0,GRCh38#0#chr17,53319252,53319552,300,keep1,off,1000,contained,100000,65536,True,,1,54,3,6060,57,3735552,24,1572864,57,24,0,0,,3,9023,,,ok,700,1,65536,1,65536,5902,43,2818048,1,65536,2418,13,851968,22,1441792,0,0,0,0,0,3,0,0,0,0,803,867,32,0
random-chr17,chr17-0,GRCh38#0#chr17,53319252,53319552,300,keep8,on,1000,contained,100000,65536,True,,1,55,9,9133,14,3735552,24,1572864,14,24,0,0,,9,4488,,,ok,640,1,65536,1,65536,2057,5,2818048,1,65536,1787,8,851968,22,1441792,0,0,0,0,0,4,0,0,0,0,790,210,31,0
random-chr17,chr17-0,GRCh38#0#chr17,53319252,53319552,300,keep8,off,1000,contained,100000,65536,True,,1,55,9,9133,57,3735552,24,1572864,57,24,0,0,,9,9227,,,ok,628,1,65536,1,65536,5912,43,2818048,1,65536,2683,13,851968,22,1441792,0,0,0,0,0,4,0,0,0,0,781,924,32,0
random-chr17,chr17-1,GRCh38#0#chr17,59085012,59085312,300,sampled,on,1000,contained,100000,65536,True,,1,57,464,185301,13,3342336,8,524288,13,8,111473,111473,,,4885,,,ok,637,1,65536,1,65536,1935,5,2818048,1,65536,890,7,458752,0,0,1418,0,0,6,393216,5,0,0,0,0,,,,
random-chr17,chr17-1,GRCh38#0#chr17,59085012,59085312,300,sampled,off,1000,contained,100000,65536,True,,1,57,464,185301,51,3342336,8,524288,51,8,111473,111473,,,8690,,,ok,623,1,65536,1,65536,5907,43,2818048,1,65536,813,7,458752,0,0,1338,0,0,6,393216,9,0,0,0,0,,,,
random-chr17,chr17-1,GRCh38#0#chr17,59085012,59085312,300,keep1,on,1000,contained,100000,65536,True,,1,38,3,5330,15,3801088,22,1441792,15,22,0,0,,3,4088,,,ok,604,1,65536,1,65536,1846,5,2818048,1,65536,1634,9,917504,20,1310720,0,0,0,0,0,3,0,0,0,0,582,160,32,0
random-chr17,chr17-1,GRCh38#0#chr17,59085012,59085312,300,keep1,off,1000,contained,100000,65536,True,,1,38,3,5330,58,3801088,22,1441792,58,22,0,0,,3,8898,,,ok,611,1,65536,1,65536,5898,43,2818048,1,65536,2385,14,917504,20,1310720,0,0,0,0,0,4,0,0,0,0,633,878,36,0
random-chr17,chr17-1,GRCh38#0#chr17,59085012,59085312,300,keep8,on,1000,contained,100000,65536,True,,1,42,9,7958,15,3801088,22,1441792,15,22,0,0,,9,4354,,,ok,580,1,65536,1,65536,2022,5,2818048,1,65536,1749,9,917504,20,1310720,0,0,0,0,0,3,0,0,0,0,706,181,28,0
random-chr17,chr17-1,GRCh38#0#chr17,59085012,59085312,300,keep8,off,1000,contained,100000,65536,True,,1,42,9,7958,58,3801088,22,1441792,58,22,0,0,,9,8892,,,ok,664,1,65536,1,65536,5658,43,2818048,1,65536,2565,14,917504,20,1310720,0,0,0,0,0,3,0,0,0,0,740,970,30,0
segdup,AMY1,GRCh38#0#chr1,103734850,103735150,300,sampled,on,1000,contained,100000,65536,True,,1,768,466,1991812,14,3407872,8,524288,14,8,305807,305807,,,7350,,,ok,637,1,65536,1,65536,2081,5,2818048,1,65536,963,7,458752,0,0,3643,1,65536,6,393216,25,0,0,0,0,,,,
segdup,AMY1,GRCh38#0#chr1,103734850,103735150,300,sampled,off,1000,contained,100000,65536,True,,1,768,466,1991812,52,3407872,8,524288,52,8,305807,305807,,,10643,,,ok,578,1,65536,1,65536,5920,43,2818048,1,65536,871,7,458752,0,0,3252,1,65536,6,393216,22,0,0,0,0,,,,
segdup,AMY1,GRCh38#0#chr1,103734850,103735150,300,keep1,on,1000,contained,100000,65536,True,,1,517,3,34884,24,4915200,23,1507328,24,23,0,0,,3,5398,,,ok,635,1,65536,1,65536,1883,5,2818048,1,65536,2874,18,2031616,21,1376256,0,0,0,0,0,6,0,0,0,0,727,1243,31,0
segdup,AMY1,GRCh38#0#chr1,103734850,103735150,300,keep1,off,1000,contained,100000,65536,True,,1,517,3,34884,72,4718592,23,1507328,72,23,0,0,,3,10814,,,ok,620,1,65536,1,65536,5913,43,2818048,1,65536,4276,28,1835008,21,1376256,0,0,0,0,0,5,0,0,0,0,714,2672,32,0
segdup,AMY1,GRCh38#0#chr1,103734850,103735150,300,keep8,on,1000,contained,100000,65536,True,,1,517,9,59993,32,5439488,23,1507328,32,23,0,0,,9,7323,,,ok,742,1,65536,1,65536,2122,5,2818048,1,65536,4453,26,2555904,21,1376256,0,0,0,0,0,6,0,0,0,0,734,2821,31,0
segdup,AMY1,GRCh38#0#chr1,103734850,103735150,300,keep8,off,1000,contained,100000,65536,True,,1,517,9,59993,83,5439488,23,1507328,83,23,0,0,,9,11859,,,ok,555,1,65536,1,65536,5946,43,2818048,1,65536,5352,39,2555904,21,1376256,0,0,0,0,0,6,0,0,0,0,602,3875,28,0
segdup,LPA KIV-2,GRCh38#0#chr6,160630850,160631150,300,sampled,on,1000,contained,100000,65536,True,,1,225,254,401745,15,3473408,7,458752,15,7,92706,92706,,,5010,,,ok,582,1,65536,1,65536,2064,5,2818048,1,65536,955,7,458752,0,0,1401,2,131072,5,327680,7,0,0,0,0,,,,
segdup,LPA KIV-2,GRCh38#0#chr6,160630850,160631150,300,sampled,off,1000,contained,100000,65536,True,,1,225,254,401745,53,3473408,7,458752,53,7,92706,92706,,,8658,,,ok,628,1,65536,1,65536,5758,43,2818048,1,65536,846,7,458752,0,0,1419,2,131072,5,327680,7,0,0,0,0,,,,
segdup,LPA KIV-2,GRCh38#0#chr6,160630850,160631150,300,keep1,on,1000,contained,100000,65536,True,,1,155,2,12485,18,4980736,24,1572864,18,24,0,0,,2,5100,,,ok,596,1,65536,1,65536,1962,5,2818048,1,65536,2540,12,2097152,22,1441792,0,0,0,0,0,3,0,0,0,0,768,891,32,0
segdup,LPA KIV-2,GRCh38#0#chr6,160630850,160631150,300,keep1,off,1000,contained,100000,65536,True,,1,155,2,12485,74,4849664,24,1572864,74,24,0,0,,2,10722,,,ok,604,1,65536,1,65536,5718,43,2818048,1,65536,4394,30,1966080,22,1441792,0,0,0,0,0,6,0,0,0,0,634,2902,30,0
segdup,LPA KIV-2,GRCh38#0#chr6,160630850,160631150,300,keep8,on,1000,contained,100000,65536,True,,1,173,6,19765,18,4980736,24,1572864,18,24,0,0,,6,5357,,,ok,596,1,65536,1,65536,2057,5,2818048,1,65536,2700,12,2097152,22,1441792,0,0,0,0,0,4,0,0,0,0,742,1077,37,0
segdup,LPA KIV-2,GRCh38#0#chr6,160630850,160631150,300,keep8,off,1000,contained,100000,65536,True,,1,173,6,19765,76,4980736,24,1572864,76,24,0,0,,6,11112,,,ok,592,1,65536,1,65536,5892,43,2818048,1,65536,4623,32,2097152,22,1441792,0,0,0,0,0,4,0,0,0,0,616,3135,35,1
segdup,SMN1/SMN2,GRCh38#0#chr5,70938850,70939150,300,sampled,on,1000,contained,100000,65536,True,,1,31,96,28307,13,3342336,7,458752,13,7,6623,6623,,,4124,,,ok,616,1,65536,1,65536,1975,5,2818048,1,65536,1042,6,393216,0,0,487,1,65536,5,327680,3,0,0,0,0,,,,
segdup,SMN1/SMN2,GRCh38#0#chr5,70938850,70939150,300,sampled,off,1000,contained,100000,65536,True,,1,31,96,28307,51,3342336,7,458752,51,7,6623,6623,,,7461,,,ok,603,1,65536,1,65536,5633,43,2818048,1,65536,713,6,393216,0,0,509,1,65536,5,327680,3,0,0,0,0,,,,
segdup,SMN1/SMN2,GRCh38#0#chr5,70938850,70939150,300,keep1,on,1000,contained,100000,65536,True,,1,22,2,4032,15,3997696,21,1376256,15,21,0,0,,2,4305,,,ok,634,1,65536,1,65536,1947,5,2818048,1,65536,1721,9,1114112,19,1245184,0,0,0,0,0,3,0,0,0,0,817,157,0,0
segdup,SMN1/SMN2,GRCh38#0#chr5,70938850,70939150,300,keep8,on,1000,contained,100000,65536,True,,1,23,3,4367,15,3997696,21,1376256,15,21,0,0,,3,4991,172,5.2,ok,647,1,65536,1,65536,2467,5,2818048,1,65536,1874,9,1114112,19,1245184,0,0,0,0,0,4,0,0,0,0,856,212,0,8
segdup,C4A/C4B,GRCh38#0#chr6,31999850,32000150,300,sampled,on,1000,contained,100000,65536,True,,1,49,309,120718,12,3276800,8,524288,12,8,2671,2671,,,4120,169,4.5,ok,643,1,65536,1,65536,2318,5,2818048,1,65536,775,6,393216,0,0,381,0,0,6,393216,4,0,0,0,0,,,,
segdup,C4A/C4B,GRCh38#0#chr6,31999850,32000150,300,keep1,on,1000,contained,100000,65536,True,,1,33,1,4271,15,3866624,20,1310720,15,20,0,0,,1,4978,169,5.3,ok,647,1,65536,1,65536,2565,5,2818048,1,65536,1762,9,983040,18,1179648,0,0,0,0,0,5,0,0,0,0,713,195,35,0
segdup,C4A/C4B,GRCh38#0#chr6,31999850,32000150,300,keep8,on,1000,contained,100000,65536,True,,1,36,6,6368,15,3866624,20,1310720,15,20,0,0,,6,4791,209,5.2,ok,635,1,65536,1,65536,2411,5,2818048,1,65536,1733,9,983040,18,1179648,0,0,0,0,0,12,0,0,0,0,703,286,30,1
unplaced,chr1_KI270706v1_random,GRCh38#0#chr1_KI270706v1_random,20000,20300,300,sampled,on,1000,contained,100000,65536,True,,1,3,1,3341,13,3342336,5,327680,13,5,0,0,,,4343,159,4.7,ok,648,1,65536,1,65536,2603,5,2818048,1,65536,857,7,458752,0,0,231,0,0,3,196608,3,0,0,0,0,,,,
unplaced,chr1_KI270706v1_random,GRCh38#0#chr1_KI270706v1_random,20000,20300,300,keep1,on,1000,contained,100000,65536,True,,1,3,1,3341,13,3342336,15,983040,13,15,0,0,,1,4647,169,5.0,ok,651,1,65536,1,65536,2527,5,2818048,1,65536,1472,7,458752,13,851968,0,0,0,0,0,2,0,0,0,0,598,0,0,0
unplaced,chr1_KI270706v1_random,GRCh38#0#chr1_KI270706v1_random,20000,20300,300,keep8,on,1000,contained,100000,65536,True,,1,3,1,3341,13,3342336,15,983040,13,15,0,0,,1,4517,168,4.9,ok,606,1,65536,1,65536,2426,5,2818048,1,65536,1483,7,458752,13,851968,0,0,0,0,0,2,0,0,0,0,611,0,0,0
unplaced,chrUn_GL000220v1,GRCh38#0#chrUn_GL000220v1,20000,20300,300,sampled,on,1000,contained,100000,65536,True,,1,3,1,3335,12,3276800,5,327680,12,5,0,0,,,4121,163,4.6,ok,588,1,65536,1,65536,2151,5,2818048,1,65536,1100,6,393216,0,0,280,0,0,3,196608,2,0,0,0,0,,,,
unplaced,chrUn_GL000220v1,GRCh38#0#chrUn_GL000220v1,20000,20300,300,keep1,on,1000,contained,100000,65536,True,,1,3,1,3335,12,3276800,14,917504,12,14,0,0,,1,4596,168,5.1,ok,696,1,65536,1,65536,2457,5,2818048,1,65536,1437,6,393216,12,786432,0,0,0,0,0,5,0,0,0,0,658,0,0,0
unplaced,chrUn_GL000220v1,GRCh38#0#chrUn_GL000220v1,20000,20300,300,keep8,on,1000,contained,100000,65536,True,,1,3,1,3335,12,3276800,14,917504,12,14,0,0,,1,4811,167,5.1,ok,755,1,65536,1,65536,2608,5,2818048,1,65536,1443,6,393216,12,786432,0,0,0,0,0,4,0,0,0,0,670,0,0,0
unplaced,chr14_GL000225v1_random,GRCh38#0#chr14_GL000225v1_random,20000,20300,300,sampled,on,1000,contained,100000,65536,True,,1,3,1,3342,12,3276800,5,327680,12,5,0,0,,,4219,162,4.6,ok,638,1,65536,1,65536,2608,5,2818048,1,65536,743,6,393216,0,0,225,0,0,3,196608,3,0,0,0,0,,,,
unplaced,chr14_GL000225v1_random,GRCh38#0#chr14_GL000225v1_random,20000,20300,300,keep1,on,1000,contained,100000,65536,True,,1,3,1,3342,12,3276800,14,917504,12,14,0,0,,1,4554,168,5.0,ok,634,1,65536,1,65536,2365,5,2818048,1,65536,1553,6,393216,12,786432,0,0,0,0,0,3,0,0,0,0,640,0,0,0
unplaced,chr14_GL000225v1_random,GRCh38#0#chr14_GL000225v1_random,20000,20300,300,keep8,on,1000,contained,100000,65536,True,,1,3,1,3342,12,3276800,14,917504,12,14,0,0,,1,4641,169,5.0,ok,602,1,65536,1,65536,2659,5,2818048,1,65536,1378,6,393216,12,786432,0,0,0,0,0,2,0,0,0,0,625,0,0,0
random-chr6,chr6-0,GRCh38#0#chr6,164057895,164058895,1000,sampled,on,1000,contained,100000,65536,True,,1,164,464,537913,13,3342336,8,524288,13,8,0,0,,,4333,172,4.7,ok,642,1,65536,1,65536,2362,5,2818048,1,65536,959,7,458752,0,0,359,0,0,6,393216,11,0,0,0,0,,,,
random-chr6,chr6-0,GRCh38#0#chr6,164057895,164058895,1000,keep1,on,1000,contained,100000,65536,True,,1,116,3,11708,16,3997696,21,1376256,16,21,0,0,,3,4762,209,4.9,ok,652,1,65536,1,65536,1917,5,2818048,1,65536,2188,10,1114112,19,1245184,0,0,0,0,0,5,0,0,0,0,742,213,76,0
random-chr6,chr6-0,GRCh38#0#chr6,164057895,164058895,1000,keep8,on,1000,contained,100000,65536,True,,1,128,9,19406,17,4063232,21,1376256,17,21,0,0,,9,5072,207,5.2,ok,769,1,65536,1,65536,2121,5,2818048,1,65536,2163,11,1179648,19,1245184,0,0,0,0,0,17,0,0,0,0,762,451,85,2
random-chr6,chr6-1,GRCh38#0#chr6,1565338,1566338,1000,sampled,on,1000,contained,100000,65536,True,,1,114,464,386981,13,3342336,8,524288,13,8,49862,49862,,,4813,212,5.0,ok,646,1,65536,1,65536,2222,5,2818048,1,65536,852,6,393216,0,0,1079,1,65536,6,393216,14,0,0,0,0,,,,
random-chr6,chr6-1,GRCh38#0#chr6,1565338,1566338,1000,keep1,on,1000,contained,100000,65536,True,,1,78,3,9070,15,4521984,22,1441792,15,22,0,0,,3,4989,215,5.2,ok,712,1,65536,1,65536,2045,5,2818048,1,65536,2226,9,1638400,20,1310720,0,0,0,0,0,6,0,0,0,0,860,569,2,1
random-chr6,chr6-1,GRCh38#0#chr6,1565338,1566338,1000,keep8,on,1000,contained,100000,65536,True,,1,82,9,14292,15,4521984,22,1441792,15,22,0,0,,9,4986,210,5.1,ok,620,1,65536,1,65536,2131,5,2818048,1,65536,2230,9,1638400,20,1310720,0,0,0,0,0,4,0,0,0,0,859,524,2,1
random-chr6,chr6-2,GRCh38#0#chr6,120557714,120558714,1000,sampled,on,1000,contained,100000,65536,True,,1,115,464,396842,13,3342336,8,524288,13,8,0,0,,,4294,165,4.4,ok,637,1,65536,1,65536,2394,5,2818048,1,65536,872,7,458752,0,0,377,0,0,6,393216,14,0,0,0,0,,,,
random-chr6,chr6-2,GRCh38#0#chr6,120557714,120558714,1000,keep1,on,1000,contained,100000,65536,True,,1,86,3,9593,16,4063232,22,1441792,16,22,0,0,,3,5284,189,5.5,ok,632,1,65536,1,65536,2664,5,2818048,1,65536,1981,10,1179648,20,1310720,0,0,0,0,0,6,0,0,0,0,859,203,34,0
random-chr6,chr6-2,GRCh38#0#chr6,120557714,120558714,1000,keep8,on,1000,contained,100000,65536,True,,1,85,9,14563,16,4063232,22,1441792,16,22,0,0,,9,5390,210,5.6,ok,715,1,65536,1,65536,2572,5,2818048,1,65536,2099,10,1179648,20,1310720,0,0,0,0,0,4,0,0,0,0,922,289,32,0
random-chr6,chr6-3,GRCh38#0#chr6,72492564,72493564,1000,sampled,on,1000,contained,100000,65536,True,,1,225,466,732550,11,3211264,8,524288,11,8,62153,62153,,,5330,216,5.5,ok,628,1,65536,1,65536,2560,5,2818048,1,65536,673,5,327680,0,0,1452,0,0,6,393216,17,0,0,0,0,,,,
random-chr6,chr6-3,GRCh38#0#chr6,72492564,72493564,1000,keep1,on,1000,contained,100000,65536,True,,1,171,3,15585,13,3670016,24,1572864,13,24,0,0,,3,4668,175,4.9,ok,613,1,65536,1,65536,2229,5,2818048,1,65536,1821,7,786432,22,1441792,0,0,0,0,0,5,0,0,0,0,829,224,0,0
random-chr6,chr6-3,GRCh38#0#chr6,72492564,72493564,1000,keep8,on,1000,contained,100000,65536,True,,1,174,9,25057,13,3670016,24,1572864,13,24,0,0,,9,5269,208,5.5,ok,657,1,65536,1,65536,2179,5,2818048,1,65536,2423,7,786432,22,1441792,0,0,0,0,0,10,0,0,0,0,870,278,1,1
random-chr6,chr6-4,GRCh38#0#chr6,159686540,159687540,1000,sampled,on,1000,contained,100000,65536,True,,1,97,464,335544,13,3342336,7,458752,13,7,95636,95636,,,5700,268,5.9,ok,581,1,65536,1,65536,2465,5,2818048,1,65536,759,6,393216,0,0,1889,1,65536,5,327680,6,0,0,0,0,,,,
random-chr6,chr6-4,GRCh38#0#chr6,159686540,159687540,1000,keep1,on,1000,contained,100000,65536,True,,1,70,3,8953,15,4194304,21,1376256,15,21,0,0,,3,4921,176,5.1,ok,619,1,65536,1,65536,2411,5,2818048,1,65536,1887,9,1310720,19,1245184,0,0,0,0,0,4,0,0,0,0,881,229,47,0
random-chr6,chr6-4,GRCh38#0#chr6,159686540,159687540,1000,keep8,on,1000,contained,100000,65536,True,,1,75,9,13611,15,4194304,21,1376256,15,21,0,0,,9,5192,208,5.4,ok,599,1,65536,1,65536,2415,5,2818048,1,65536,2172,9,1310720,19,1245184,0,0,0,0,0,5,0,0,0,0,977,382,50,1
random-chr6,chr6-5,GRCh38#0#chr6,28441393,28442393,1000,sampled,on,1000,contained,100000,65536,True,,1,86,464,299796,13,3342336,9,589824,13,9,0,0,,,4308,167,4.5,ok,765,1,65536,1,65536,2111,5,2818048,1,65536,954,7,458752,0,0,472,0,0,7,458752,6,0,0,0,0,,,,
random-chr6,chr6-5,GRCh38#0#chr6,28441393,28442393,1000,keep1,on,1000,contained,100000,65536,True,,1,60,3,7739,16,4128768,23,1507328,16,23,0,0,,3,4879,189,5.1,ok,656,1,65536,1,65536,2124,5,2818048,1,65536,2094,10,1245184,21,1376256,0,0,0,0,0,5,0,0,0,0,772,242,68,0
random-chr6,chr6-5,GRCh38#0#chr6,28441393,28442393,1000,keep8,on,1000,contained,100000,65536,True,,1,60,9,11495,16,4128768,23,1507328,16,23,0,0,,9,4865,212,5.1,ok,678,1,65536,1,65536,1960,5,2818048,1,65536,2220,10,1245184,21,1376256,0,0,0,0,0,6,0,0,0,0,758,421,53,1
random-chr6,chr6-6,GRCh38#0#chr6,86209369,86210369,1000,sampled,on,1000,contained,100000,65536,True,,1,186,464,597395,13,3342336,8,524288,13,8,68836,68836,,,5161,237,5.4,ok,693,1,65536,1,65536,2135,5,2818048,1,65536,925,7,458752,0,0,1393,0,0,6,393216,15,0,0,0,0,,,,
random-chr6,chr6-6,GRCh38#0#chr6,86209369,86210369,1000,keep1,on,1000,contained,100000,65536,True,,1,134,3,13553,16,3932160,20,1310720,16,20,0,0,,3,4620,187,4.9,ok,700,1,65536,1,65536,2129,5,2818048,1,65536,1787,10,1048576,18,1179648,0,0,0,0,0,5,0,0,0,0,589,263,34,0
random-chr6,chr6-6,GRCh38#0#chr6,86209369,86210369,1000,keep8,on,1000,contained,100000,65536,True,,1,140,9,21521,16,3932160,20,1310720,16,20,0,0,,9,4871,211,5.1,ok,662,1,65536,1,65536,2117,5,2818048,1,65536,2085,10,1048576,18,1179648,0,0,0,0,0,7,0,0,0,0,659,312,68,1
random-chr6,chr6-7,GRCh38#0#chr6,9211437,9212437,1000,sampled,on,1000,contained,100000,65536,True,,1,120,464,400281,12,3276800,7,458752,12,7,148796,148796,,,6067,313,6.3,ok,632,1,65536,1,65536,2185,5,2818048,1,65536,772,5,327680,0,0,2472,1,65536,5,327680,6,0,0,0,0,,,,
random-chr6,chr6-7,GRCh38#0#chr6,9211437,9212437,1000,keep1,on,1000,contained,100000,65536,True,,1,83,3,9487,13,3801088,23,1507328,13,23,0,0,,3,4568,176,4.7,ok,658,1,65536,1,65536,2172,5,2818048,1,65536,1732,7,917504,21,1376256,0,0,0,0,0,6,0,0,0,0,785,233,36,1
random-chr6,chr6-7,GRCh38#0#chr6,9211437,9212437,1000,keep8,on,1000,contained,100000,65536,True,,1,89,9,15003,13,3801088,23,1507328,13,23,0,0,,9,4579,209,4.8,ok,627,1,65536,1,65536,2196,5,2818048,1,65536,1749,7,917504,21,1376256,0,0,0,0,0,6,0,0,0,0,800,274,33,1
random-chr6,chr6-8,GRCh38#0#chr6,6992046,6993046,1000,sampled,on,1000,contained,100000,65536,True,,1,149,464,491457,13,3342336,7,458752,13,7,35528,35528,,,4777,215,5.0,ok,722,1,65536,1,65536,2105,5,2818048,1,65536,951,7,458752,0,0,991,0,0,5,327680,9,0,0,0,0,,,,
random-chr6,chr6-8,GRCh38#0#chr6,6992046,6993046,1000,keep1,on,1000,contained,100000,65536,True,,1,118,3,11944,16,3997696,20,1310720,16,20,0,0,,3,4887,177,5.1,ok,700,1,65536,1,65536,2109,5,2818048,1,65536,2071,10,1114112,18,1179648,0,0,0,0,0,6,0,0,0,0,869,232,32,1
random-chr6,chr6-8,GRCh38#0#chr6,6992046,6993046,1000,keep8,on,1000,contained,100000,65536,True,,1,114,9,17870,16,3997696,20,1310720,16,20,0,0,,9,5176,210,5.4,ok,701,1,65536,1,65536,2396,5,2818048,1,65536,2075,10,1114112,18,1179648,0,0,0,0,0,5,0,0,0,0,793,335,33,1
random-chr6,chr6-9,GRCh38#0#chr6,7830571,7831571,1000,sampled,on,1000,contained,100000,65536,True,,1,157,463,512478,14,3407872,8,524288,14,8,9399,9399,,,4835,210,5.0,ok,709,1,65536,1,65536,2345,5,2818048,1,65536,1122,7,458752,0,0,646,1,65536,6,393216,12,0,0,0,0,,,,
random-chr6,chr6-9,GRCh38#0#chr6,7830571,7831571,1000,keep1,on,1000,contained,100000,65536,True,,1,104,3,10784,16,3997696,22,1441792,16,22,0,0,,3,5429,205,5.5,ok,664,1,65536,1,65536,2145,5,2818048,1,65536,2616,10,1114112,20,1310720,0,0,0,0,0,4,0,0,0,0,1006,192,34,0
random-chr6,chr6-9,GRCh38#0#chr6,7830571,7831571,1000,keep8,on,1000,contained,100000,65536,True,,1,119,9,18388,16,3997696,22,1441792,16,22,0,0,,9,5456,203,5.6,ok,728,1,65536,1,65536,2123,5,2818048,1,65536,2598,10,1114112,20,1310720,0,0,0,0,0,6,0,0,0,0,1150,270,41,0
random-chr1,chr1-0,GRCh38#0#chr1,175361213,175362213,1000,sampled,on,1000,contained,100000,65536,True,,1,98,464,270421,12,3276800,7,458752,12,7,50267,50267,,,4607,216,4.8,ok,694,1,65536,1,65536,1994,5,2818048,1,65536,989,6,393216,0,0,923,0,0,5,327680,7,0,0,0,0,,,,
random-chr1,chr1-0,GRCh38#0#chr1,175361213,175362213,1000,keep1,on,1000,contained,100000,65536,True,,1,68,3,7354,15,4259840,19,1245184,15,19,0,0,,3,4762,207,4.9,ok,712,1,65536,1,65536,1977,5,2818048,1,65536,2068,9,1376256,17,1114112,0,0,0,0,0,5,0,0,0,0,879,295,64,1
random-chr1,chr1-0,GRCh38#0#chr1,175361213,175362213,1000,keep8,on,1000,contained,100000,65536,True,,1,70,9,10893,15,4259840,19,1245184,15,19,0,0,,9,4746,216,4.9,ok,686,1,65536,1,65536,2048,5,2818048,1,65536,2005,9,1376256,17,1114112,0,0,0,0,0,7,0,0,0,0,891,343,32,1
random-chr1,chr1-1,GRCh38#0#chr1,146334305,146335305,1000,sampled,on,1000,contained,100000,65536,True,,1,21,18,7412,13,3342336,9,589824,13,9,5170,5170,,,4284,171,4.5,ok,670,1,65536,1,65536,2107,5,2818048,1,65536,842,6,393216,0,0,660,1,65536,7,458752,5,0,0,0,0,,,,
random-chr1,chr1-1,GRCh38#0#chr1,146334305,146335305,1000,keep1,on,1000,contained,100000,65536,True,,1,14,1,4255,15,3473408,18,1179648,15,18,0,0,,1,4648,169,4.8,ok,665,1,65536,1,65536,1976,5,2818048,1,65536,2002,9,589824,16,1048576,0,0,0,0,0,5,0,0,0,0,723,372,35,0
random-chr1,chr1-1,GRCh38#0#chr1,146334305,146335305,1000,keep8,on,1000,contained,100000,65536,True,,1,14,1,4255,15,3473408,18,1179648,15,18,0,0,,1,4780,175,5.0,ok,699,1,65536,1,65536,2152,5,2818048,1,65536,1925,9,589824,16,1048576,0,0,0,0,0,4,0,0,0,0,762,361,36,1
random-chr17,chr17-0,GRCh38#0#chr17,2235465,2236465,1000,sampled,on,1000,contained,100000,65536,True,,1,128,464,359841,13,3342336,8,524288,13,8,76457,76457,,,5449,291,5.7,ok,694,1,65536,1,65536,2114,5,2818048,1,65536,947,6,393216,0,0,1688,1,65536,6,393216,6,0,0,0,0,,,,
random-chr17,chr17-0,GRCh38#0#chr17,2235465,2236465,1000,keep1,on,1000,contained,100000,65536,True,,1,92,3,9739,15,3932160,21,1376256,15,21,0,0,,3,4767,212,5.0,ok,646,1,65536,1,65536,2168,5,2818048,1,65536,1946,9,1048576,19,1245184,0,0,0,0,0,7,0,0,0,0,961,254,0,1
random-chr17,chr17-0,GRCh38#0#chr17,2235465,2236465,1000,keep8,on,1000,contained,100000,65536,True,,1,94,9,14201,15,3932160,21,1376256,15,21,0,0,,9,4623,209,4.8,ok,670,1,65536,1,65536,1968,5,2818048,1,65536,1980,9,1048576,19,1245184,0,0,0,0,0,5,0,0,0,0,872,301,1,1
random-chr17,chr17-1,GRCh38#0#chr17,52164366,52165366,1000,sampled,on,1000,contained,100000,65536,True,,1,100,465,317823,12,3276800,8,524288,12,8,3249,3249,,,4031,170,4.2,ok,656,1,65536,1,65536,2103,5,2818048,1,65536,808,6,393216,0,0,457,0,0,6,393216,7,0,0,0,0,,,,
random-chr17,chr17-1,GRCh38#0#chr17,52164366,52165366,1000,keep1,on,1000,contained,100000,65536,True,,1,75,3,8280,15,3866624,25,1638400,15,25,0,0,,3,4820,188,5.0,ok,798,1,65536,1,65536,2191,5,2818048,1,65536,1827,9,983040,23,1507328,0,0,0,0,0,4,0,0,0,0,850,187,0,0
random-chr17,chr17-1,GRCh38#0#chr17,52164366,52165366,1000,keep8,on,1000,contained,100000,65536,True,,1,71,9,12042,15,3866624,25,1638400,15,25,0,0,,9,4898,210,5.1,ok,605,1,65536,1,65536,2283,5,2818048,1,65536,2004,9,983040,23,1507328,0,0,0,0,0,5,0,0,0,0,914,313,0,1
segdup,AMY1,GRCh38#0#chr1,103734500,103735500,1000,sampled,on,1000,contained,100000,65536,True,,1,1179,466,3049100,14,3407872,8,524288,14,8,205512,205512,,,7422,365,7.6,ok,769,1,65536,1,65536,2281,5,2818048,1,65536,974,7,458752,0,0,3349,1,65536,6,393216,49,0,0,0,0,,,,
segdup,AMY1,GRCh38#0#chr1,103734500,103735500,1000,keep1,on,1000,contained,100000,65536,True,,1,795,3,54903,24,4915200,23,1507328,24,23,0,0,,3,5678,206,5.8,ok,738,1,65536,1,65536,1911,5,2818048,1,65536,3018,18,2031616,21,1376256,0,0,0,0,0,11,0,0,0,0,916,1145,33,0
segdup,AMY1,GRCh38#0#chr1,103734500,103735500,1000,keep8,on,1000,contained,100000,65536,True,,1,804,9,93804,32,5439488,23,1507328,32,23,0,0,,9,7644,214,7.8,ok,734,1,65536,1,65536,2109,5,2818048,1,65536,4787,26,2555904,21,1376256,0,0,0,0,0,15,0,0,0,0,1040,2767,48,1
segdup,LPA KIV-2,GRCh38#0#chr6,160630500,160631500,1000,sampled,on,1000,contained,100000,65536,True,,1,281,254,496859,15,3473408,7,458752,15,7,87544,87544,,,5564,248,5.8,ok,628,1,65536,1,65536,2251,5,2818048,1,65536,871,7,458752,0,0,1801,2,131072,5,327680,12,0,0,0,0,,,,
segdup,LPA KIV-2,GRCh38#0#chr6,160630500,160631500,1000,keep1,on,1000,contained,100000,65536,True,,1,194,2,15642,18,4980736,24,1572864,18,24,0,0,,2,5751,216,5.9,ok,729,1,65536,1,65536,2084,5,2818048,1,65536,2933,12,2097152,22,1441792,0,0,0,0,0,5,0,0,0,0,952,1033,36,0
segdup,LPA KIV-2,GRCh38#0#chr6,160630500,160631500,1000,keep8,on,1000,contained,100000,65536,True,,1,212,6,24362,18,4980736,24,1572864,18,24,0,0,,6,5969,224,6.1,ok,654,1,65536,1,65536,2401,5,2818048,1,65536,2908,12,2097152,22,1441792,0,0,0,0,0,7,0,0,0,0,915,1100,31,1
segdup,SMN1/SMN2,GRCh38#0#chr5,70938500,70939500,1000,sampled,on,1000,contained,100000,65536,True,,1,43,96,38392,13,3342336,7,458752,13,7,6153,6153,,,4363,170,4.5,ok,682,1,65536,1,65536,2360,5,2818048,1,65536,739,6,393216,0,0,577,1,65536,5,327680,5,0,0,0,0,,,,
segdup,SMN1/SMN2,GRCh38#0#chr5,70938500,70939500,1000,keep1,on,1000,contained,100000,65536,True,,1,31,2,5531,15,3997696,21,1376256,15,21,0,0,,2,4792,199,5.0,ok,651,1,65536,1,65536,2211,5,2818048,1,65536,1925,9,1114112,19,1245184,0,0,0,0,0,5,0,0,0,0,983,188,0,0
segdup,SMN1/SMN2,GRCh38#0#chr5,70938500,70939500,1000,keep8,on,1000,contained,100000,65536,True,,1,32,3,5956,15,3997696,21,1376256,15,21,0,0,,3,4706,203,4.9,ok,648,1,65536,1,65536,2244,5,2818048,1,65536,1810,9,1114112,19,1245184,0,0,0,0,0,4,0,0,0,0,893,175,0,7
segdup,C4A/C4B,GRCh38#0#chr6,31999500,32000500,1000,sampled,on,1000,contained,100000,65536,True,,1,60,309,147147,12,3276800,8,524288,12,8,2306,2306,,,4024,170,4.2,ok,661,1,65536,1,65536,2168,5,2818048,1,65536,721,6,393216,0,0,468,0,0,6,393216,5,0,0,0,0,,,,
segdup,C4A/C4B,GRCh38#0#chr6,31999500,32000500,1000,keep1,on,1000,contained,100000,65536,True,,1,41,1,5854,15,3866624,20,1310720,15,20,0,0,,1,4726,176,4.9,ok,664,1,65536,1,65536,2291,5,2818048,1,65536,1765,9,983040,18,1179648,0,0,0,0,0,5,0,0,0,0,705,239,58,1
segdup,C4A/C4B,GRCh38#0#chr6,31999500,32000500,1000,keep8,on,1000,contained,100000,65536,True,,1,46,6,8495,15,3866624,20,1310720,15,20,0,0,,6,4683,207,4.9,ok,644,1,65536,1,65536,2187,5,2818048,1,65536,1847,9,983040,18,1179648,0,0,0,0,0,5,0,0,0,0,740,281,32,0
unplaced,chr1_KI270706v1_random,GRCh38#0#chr1_KI270706v1_random,20000,21000,1000,sampled,on,1000,contained,100000,65536,True,,1,4,1,4417,13,3342336,5,327680,13,5,0,0,,,4027,164,4.2,ok,626,1,65536,1,65536,2311,5,2818048,1,65536,860,7,458752,0,0,225,0,0,3,196608,5,0,0,0,0,,,,
unplaced,chr1_KI270706v1_random,GRCh38#0#chr1_KI270706v1_random,20000,21000,1000,keep1,on,1000,contained,100000,65536,True,,1,4,1,4417,13,3342336,15,983040,13,15,0,0,,1,4507,169,4.7,ok,650,1,65536,1,65536,2340,5,2818048,1,65536,1514,7,458752,13,851968,0,0,0,0,0,3,0,0,0,0,619,0,0,0
unplaced,chr1_KI270706v1_random,GRCh38#0#chr1_KI270706v1_random,20000,21000,1000,keep8,on,1000,contained,100000,65536,True,,1,4,1,4417,13,3342336,15,983040,13,15,0,0,,1,4453,170,4.6,ok,706,1,65536,1,65536,2118,5,2818048,1,65536,1627,7,458752,13,851968,0,0,0,0,0,3,0,0,0,0,701,0,0,0
unplaced,chrUn_GL000220v1,GRCh38#0#chrUn_GL000220v1,20000,21000,1000,sampled,on,1000,contained,100000,65536,True,,1,4,1,4411,12,3276800,5,327680,12,5,0,0,,,3780,161,3.9,ok,813,1,65536,1,65536,1994,5,2818048,1,65536,739,6,393216,0,0,231,0,0,3,196608,3,0,0,0,0,,,,
unplaced,chrUn_GL000220v1,GRCh38#0#chrUn_GL000220v1,20000,21000,1000,keep1,on,1000,contained,100000,65536,True,,1,4,1,4411,12,3276800,14,917504,12,14,0,0,,1,4168,176,4.3,ok,669,1,65536,1,65536,2066,5,2818048,1,65536,1430,6,393216,12,786432,0,0,0,0,0,3,0,0,0,0,682,0,0,0
unplaced,chrUn_GL000220v1,GRCh38#0#chrUn_GL000220v1,20000,21000,1000,keep8,on,1000,contained,100000,65536,True,,1,4,1,4411,12,3276800,14,917504,12,14,0,0,,1,4011,177,4.2,ok,653,1,65536,1,65536,1995,5,2818048,1,65536,1360,6,393216,12,786432,0,0,0,0,0,3,0,0,0,0,599,0,0,0
unplaced,chr14_GL000225v1_random,GRCh38#0#chr14_GL000225v1_random,20000,21000,1000,sampled,on,1000,contained,100000,65536,True,,1,4,1,4418,12,3276800,5,327680,12,5,0,0,,,3799,157,4.0,ok,642,1,65536,1,65536,2161,5,2818048,1,65536,737,6,393216,0,0,256,0,0,3,196608,4,0,0,0,0,,,,
unplaced,chr14_GL000225v1_random,GRCh38#0#chr14_GL000225v1_random,20000,21000,1000,keep1,on,1000,contained,100000,65536,True,,1,4,1,4418,12,3276800,14,917504,12,14,0,0,,1,4016,168,4.2,ok,666,1,65536,1,65536,2046,5,2818048,1,65536,1299,6,393216,12,786432,0,0,0,0,0,6,0,0,0,0,559,0,0,0
unplaced,chr14_GL000225v1_random,GRCh38#0#chr14_GL000225v1_random,20000,21000,1000,keep8,on,1000,contained,100000,65536,True,,1,4,1,4418,12,3276800,14,917504,12,14,0,0,,1,3809,167,4.0,ok,598,1,65536,1,65536,1922,5,2818048,1,65536,1284,6,393216,12,786432,0,0,0,0,0,4,0,0,0,0,550,0,0,0
random-chr6,chr6-0,GRCh38#0#chr6,114311055,114314055,3000,sampled,on,1000,contained,100000,65536,True,,1,187,464,620280,13,3342336,7,458752,13,7,0,0,,,4118,166,4.4,ok,655,1,65536,1,65536,2161,5,2818048,1,65536,957,7,458752,0,0,337,0,0,5,327680,8,0,0,0,0,,,,
random-chr6,chr6-0,GRCh38#0#chr6,114311055,114314055,3000,keep1,on,1000,contained,100000,65536,True,,1,138,3,15883,16,3801088,23,1507328,16,23,0,0,,3,4661,177,4.8,ok,607,1,65536,1,65536,1909,5,2818048,1,65536,2141,10,917504,21,1376256,0,0,0,0,0,4,0,0,0,0,929,211,55,0
random-chr6,chr6-0,GRCh38#0#chr6,114311055,114314055,3000,keep8,on,1000,contained,100000,65536,True,,1,144,9,24227,16,3801088,23,1507328,16,23,0,0,,9,4915,207,5.1,ok,632,1,65536,1,65536,2105,5,2818048,1,65536,2174,10,917504,21,1376256,0,0,0,0,0,4,0,0,0,0,971,233,36,0
random-chr6,chr6-1,GRCh38#0#chr6,8795576,8798576,3000,sampled,on,1000,contained,100000,65536,True,,1,269,464,852588,12,3276800,7,458752,12,7,0,0,,,3916,170,4.1,ok,645,1,65536,1,65536,2128,5,2818048,1,65536,793,6,393216,0,0,333,0,0,5,327680,18,0,0,0,0,,,,
random-chr6,chr6-1,GRCh38#0#chr6,8795576,8798576,3000,keep1,on,1000,contained,100000,65536,True,,1,178,3,18418,14,3932160,23,1507328,14,23,0,0,,3,5276,186,5.4,ok,736,1,65536,1,65536,2099,5,2818048,1,65536,2436,8,1048576,21,1376256,0,0,0,0,0,5,0,0,0,0,1425,208,39,0
random-chr6,chr6-1,GRCh38#0#chr6,8795576,8798576,3000,keep8,on,1000,contained,100000,65536,True,,1,190,9,30242,14,3932160,23,1507328,14,23,0,0,,9,5830,206,6.0,ok,628,1,65536,1,65536,2169,5,2818048,1,65536,3027,8,1048576,21,1376256,0,0,0,0,0,6,0,0,0,0,1900,284,64,0
random-chr6,chr6-2,GRCh38#0#chr6,142634443,142637443,3000,sampled,on,1000,contained,100000,65536,True,,1,291,464,945248,12,3276800,8,524288,12,8,0,0,,,4028,169,4.2,ok,711,1,65536,1,65536,1966,5,2818048,1,65536,874,6,393216,0,0,455,0,0,6,393216,21,0,0,0,0,,,,
random-chr6,chr6-2,GRCh38#0#chr6,142634443,142637443,3000,keep1,on,1000,contained,100000,65536,True,,1,196,3,19781,14,3997696,21,1376256,14,21,0,0,,3,5878,191,6.0,ok,620,1,65536,1,65536,3489,5,2818048,1,65536,1762,8,1114112,19,1245184,0,0,0,0,0,6,0,0,0,0,719,210,95,0
random-chr6,chr6-2,GRCh38#0#chr6,142634443,142637443,3000,keep8,on,1000,contained,100000,65536,True,,1,234,9,34523,14,3997696,21,1376256,14,21,0,0,,9,5558,211,5.7,ok,624,1,65536,1,65536,3156,5,2818048,1,65536,1768,8,1114112,19,1245184,0,0,0,0,0,9,0,0,0,0,668,265,81,1
random-chr6,chr6-3,GRCh38#0#chr6,118544554,118547554,3000,sampled,on,1000,contained,100000,65536,True,,1,137,464,485980,12,3276800,7,458752,12,7,0,0,,,4820,168,5.0,ok,703,1,65536,1,65536,3008,5,2818048,1,65536,775,6,393216,0,0,323,0,0,5,327680,10,0,0,0,0,,,,
random-chr6,chr6-3,GRCh38#0#chr6,118544554,118547554,3000,keep1,on,1000,contained,100000,65536,True,,1,98,3,12909,15,3866624,19,1245184,15,19,0,0,,3,5469,174,5.7,ok,720,1,65536,1,65536,2711,5,2818048,1,65536,2034,9,983040,17,1114112,0,0,0,0,0,4,0,0,0,0,940,215,62,0
random-chr6,chr6-3,GRCh38#0#chr6,118544554,118547554,3000,keep8,on,1000,contained,100000,65536,True,,1,102,9,19339,15,3866624,19,1245184,15,19,0,0,,9,5795,208,6.1,ok,667,1,65536,1,65536,3025,5,2818048,1,65536,2098,9,983040,17,1114112,0,0,0,0,0,5,0,0,0,0,1054,218,70,0
random-chr6,chr6-4,GRCh38#0#chr6,134093585,134096585,3000,sampled,on,1000,contained,100000,65536,True,,1,180,464,593834,12,3276800,8,524288,12,8,61145,61145,,,5265,231,5.5,ok,678,1,65536,1,65536,2612,5,2818048,1,65536,770,6,393216,0,0,1194,0,0,6,393216,12,0,0,0,0,,,,
random-chr6,chr6-4,GRCh38#0#chr6,134093585,134096585,3000,keep1,on,1000,contained,100000,65536,True,,1,124,3,14412,15,3997696,22,1441792,15,22,0,0,,3,5726,184,5.9,ok,714,1,65536,1,65536,2952,5,2818048,1,65536,2053,9,1114112,20,1310720,0,0,0,0,0,6,0,0,0,0,1060,230,0,1
random-chr6,chr6-4,GRCh38#0#chr6,134093585,134096585,3000,keep8,on,1000,contained,100000,65536,True,,1,129,9,22265,15,3997696,22,1441792,15,22,0,0,,9,5551,212,5.7,ok,726,1,65536,1,65536,2822,5,2818048,1,65536,1999,9,1114112,20,1310720,0,0,0,0,0,4,0,0,0,0,923,312,0,1
random-chr6,chr6-5,GRCh38#0#chr6,149407112,149410112,3000,sampled,on,1000,contained,100000,65536,True,,1,154,464,519633,12,3276800,8,524288,12,8,30425,30425,,,5189,214,5.4,ok,812,1,65536,1,65536,2573,5,2818048,1,65536,856,6,393216,0,0,937,0,0,6,393216,11,0,0,0,0,,,,
random-chr6,chr6-5,GRCh38#0#chr6,149407112,149410112,3000,keep1,on,1000,contained,100000,65536,True,,1,105,3,13097,16,4259840,23,1507328,16,23,0,0,,3,5832,212,6.0,ok,799,1,65536,1,65536,2448,5,2818048,1,65536,2577,10,1376256,21,1376256,0,0,0,0,0,8,0,0,0,0,987,828,0,1
random-chr6,chr6-5,GRCh38#0#chr6,149407112,149410112,3000,keep8,on,1000,contained,100000,65536,True,,1,112,9,20163,16,4259840,23,1507328,16,23,0,0,,9,5634,214,5.8,ok,639,1,65536,1,65536,2222,5,2818048,1,65536,2759,10,1376256,21,1376256,0,0,0,0,0,11,0,0,0,0,998,996,1,1
random-chr6,chr6-6,GRCh38#0#chr6,63568131,63571131,3000,sampled,on,1000,contained,100000,65536,True,,1,123,465,413080,12,3276800,8,524288,12,8,0,0,,,4248,165,4.4,ok,690,1,65536,1,65536,2248,5,2818048,1,65536,905,6,393216,0,0,397,0,0,6,393216,6,0,0,0,0,,,,
random-chr6,chr6-6,GRCh38#0#chr6,63568131,63571131,3000,keep1,on,1000,contained,100000,65536,True,,1,84,3,11735,17,4390912,24,1572864,17,24,0,0,,3,5781,211,6.0,ok,737,1,65536,1,65536,2229,5,2818048,1,65536,2809,11,1507328,22,1441792,0,0,0,0,0,6,0,0,0,0,1125,868,10,1
random-chr6,chr6-6,GRCh38#0#chr6,63568131,63571131,3000,keep8,on,1000,contained,100000,65536,True,,1,87,9,17151,17,4390912,24,1572864,17,24,0,0,,9,5929,213,6.1,ok,817,1,65536,1,65536,2070,5,2818048,1,65536,3036,11,1507328,22,1441792,0,0,0,0,0,6,0,0,0,0,1107,1106,18,0
random-chr6,chr6-7,GRCh38#0#chr6,93798248,93801248,3000,sampled,on,1000,contained,100000,65536,True,,1,218,464,682799,11,3211264,7,458752,11,7,87204,87204,,,5295,246,5.5,ok,673,1,65536,1,65536,2009,5,2818048,1,65536,814,5,327680,0,0,1775,0,0,5,327680,24,0,0,0,0,,,,
random-chr6,chr6-7,GRCh38#0#chr6,93798248,93801248,3000,keep1,on,1000,contained,100000,65536,True,,1,154,3,16746,14,3801088,19,1245184,14,19,0,0,,3,4849,202,5.0,ok,725,1,65536,1,65536,2277,5,2818048,1,65536,1838,8,917504,17,1114112,0,0,0,0,0,9,0,0,0,0,899,241,54,6
random-chr6,chr6-7,GRCh38#0#chr6,93798248,93801248,3000,keep8,on,1000,contained,100000,65536,True,,1,160,9,26005,14,3801088,19,1245184,14,19,0,0,,9,4937,208,5.2,ok,751,1,65536,1,65536,2194,5,2818048,1,65536,1984,8,917504,17,1114112,0,0,0,0,0,8,0,0,0,0,872,378,53,1
random-chr6,chr6-8,GRCh38#0#chr6,62972765,62975765,3000,sampled,on,1000,contained,100000,65536,True,,1,136,464,455124,12,3276800,8,524288,12,8,32534,32534,,,4690,212,4.9,ok,674,1,65536,1,65536,2112,5,2818048,1,65536,795,6,393216,0,0,1096,0,0,6,393216,13,0,0,0,0,,,,
random-chr6,chr6-8,GRCh38#0#chr6,62972765,62975765,3000,keep1,on,1000,contained,100000,65536,True,,1,96,3,12513,15,3801088,23,1507328,15,23,0,0,,3,4672,207,4.8,ok,655,1,65536,1,65536,2161,5,2818048,1,65536,1847,9,917504,21,1376256,0,0,0,0,0,8,0,0,0,0,771,261,80,1
random-chr6,chr6-8,GRCh38#0#chr6,62972765,62975765,3000,keep8,on,1000,contained,100000,65536,True,,1,97,9,18335,15,3801088,23,1507328,15,23,0,0,,9,4776,203,4.9,ok,689,1,65536,1,65536,2115,5,2818048,1,65536,1963,9,917504,21,1376256,0,0,0,0,0,8,0,0,0,0,801,330,71,1
random-chr6,chr6-9,GRCh38#0#chr6,124373865,124376865,3000,sampled,on,1000,contained,100000,65536,True,,1,193,464,639214,13,3342336,6,393216,13,6,0,0,,,4117,167,4.3,ok,627,1,65536,1,65536,2125,5,2818048,1,65536,1019,7,458752,0,0,327,0,0,4,262144,20,0,0,0,0,,,,
random-chr6,chr6-9,GRCh38#0#chr6,124373865,124376865,3000,keep1,on,1000,contained,100000,65536,True,,1,132,3,15000,17,4325376,21,1376256,17,21,0,0,,3,5693,213,5.9,ok,618,1,65536,1,65536,2122,5,2818048,1,65536,2946,11,1441792,19,1245184,0,0,0,0,0,6,0,0,0,0,1061,916,5,1
random-chr6,chr6-9,GRCh38#0#chr6,124373865,124376865,3000,keep8,on,1000,contained,100000,65536,True,,1,145,9,24058,17,4325376,21,1376256,17,21,0,0,,9,5614,209,5.8,ok,634,1,65536,1,65536,2146,5,2818048,1,65536,2830,11,1441792,19,1245184,0,0,0,0,0,4,0,0,0,0,948,948,3,1
random-chr1,chr1-0,GRCh38#0#chr1,78787658,78790658,3000,sampled,on,1000,contained,100000,65536,True,,1,653,464,1694832,13,3342336,8,524288,13,8,0,0,,,4578,192,4.7,ok,647,1,65536,1,65536,2263,5,2818048,1,65536,1211,7,458752,0,0,410,0,0,6,393216,46,0,0,0,0,,,,
random-chr1,chr1-0,GRCh38#0#chr1,78787658,78790658,3000,keep1,on,1000,contained,100000,65536,True,,1,463,3,48338,17,3997696,22,1441792,17,22,0,0,,3,5197,205,5.4,ok,731,1,65536,1,65536,2239,5,2818048,1,65536,2218,11,1114112,20,1310720,0,0,0,0,0,8,0,0,0,0,1060,227,50,0
random-chr1,chr1-0,GRCh38#0#chr1,78787658,78790658,3000,keep8,on,1000,contained,100000,65536,True,,1,476,9,70481,17,3997696,22,1441792,17,22,0,0,,9,5715,208,6.0,ok,702,1,65536,1,65536,2479,5,2818048,1,65536,2522,11,1114112,20,1310720,0,0,0,0,0,13,0,0,0,0,1176,339,63,1
random-chr1,chr1-1,GRCh38#0#chr1,6768599,6771599,3000,sampled,on,1000,contained,100000,65536,True,,1,249,464,692162,12,3276800,7,458752,12,7,36475,36475,,,4867,255,5.1,ok,640,1,65536,1,65536,2334,5,2818048,1,65536,880,6,393216,0,0,991,0,0,5,327680,21,0,0,0,0,,,,
random-chr1,chr1-1,GRCh38#0#chr1,6768599,6771599,3000,keep1,on,1000,contained,100000,65536,True,,1,187,3,18317,15,3997696,19,1245184,15,19,0,0,,3,4547,178,4.7,ok,678,1,65536,1,65536,2016,5,2818048,1,65536,1848,9,1114112,17,1114112,0,0,0,0,0,5,0,0,0,0,833,222,40,0
random-chr1,chr1-1,GRCh38#0#chr1,6768599,6771599,3000,keep8,on,1000,contained,100000,65536,True,,1,181,9,26193,15,3997696,19,1245184,15,19,0,0,,9,4765,208,5.0,ok,671,1,65536,1,65536,2020,5,2818048,1,65536,2067,9,1114112,17,1114112,0,0,0,0,0,7,0,0,0,0,743,291,47,1
random-chr17,chr17-0,GRCh38#0#chr17,56858725,56861725,3000,sampled,on,1000,contained,100000,65536,True,,1,200,464,586078,12,3276800,7,458752,12,7,10890,10890,,,3999,184,4.3,ok,673,1,65536,1,65536,1985,5,2818048,1,65536,809,6,393216,0,0,515,0,0,5,327680,16,0,0,0,0,,,,
random-chr17,chr17-0,GRCh38#0#chr17,56858725,56861725,3000,keep1,on,1000,contained,100000,65536,True,,1,141,3,14621,14,3801088,25,1638400,14,25,0,0,,3,4906,198,5.3,ok,718,1,65536,1,65536,2198,5,2818048,1,65536,1983,8,917504,23,1507328,0,0,0,0,0,7,0,0,0,0,916,254,33,1
random-chr17,chr17-0,GRCh38#0#chr17,56858725,56861725,3000,keep8,on,1000,contained,100000,65536,True,,1,145,9,22332,14,3801088,25,1638400,14,25,0,0,,9,4994,209,5.3,ok,776,1,65536,1,65536,2146,5,2818048,1,65536,2064,8,917504,23,1507328,0,0,0,0,0,8,0,0,0,0,865,388,38,1
random-chr17,chr17-1,GRCh38#0#chr17,75686034,75689034,3000,sampled,on,1000,contained,100000,65536,True,,1,248,464,717419,13,3342336,8,524288,13,8,0,0,,,4462,169,4.8,ok,709,1,65536,1,65536,2327,5,2818048,1,65536,955,7,458752,0,0,451,0,0,6,393216,20,0,0,0,0,,,,
random-chr17,chr17-1,GRCh38#0#chr17,75686034,75689034,3000,keep1,on,1000,contained,100000,65536,True,,1,178,3,17336,16,3866624,22,1441792,16,22,0,0,,3,5009,172,5.3,ok,662,1,65536,1,65536,2144,5,2818048,1,65536,2195,10,983040,20,1310720,0,0,0,0,0,7,0,0,0,0,874,202,74,0
random-chr17,chr17-1,GRCh38#0#chr17,75686034,75689034,3000,keep8,on,1000,contained,100000,65536,True,,1,178,9,26347,16,3866624,22,1441792,16,22,0,0,,9,5053,204,5.2,ok,731,1,65536,1,65536,2167,5,2818048,1,65536,2147,10,983040,20,1310720,0,0,0,0,0,7,0,0,0,0,858,293,79,1
segdup,AMY1,GRCh38#0#chr1,103733500,103736500,3000,sampled,on,1000,contained,100000,65536,True,,1,1823,3480,4806899,34,4849664,23,1507328,34,23,425742,646525,,,13612,410,13.8,ok,684,1,65536,1,65536,2297,5,2818048,1,65536,2655,21,1507328,0,0,7924,7,458752,21,1376256,52,0,0,0,0,,,,
segdup,AMY1,GRCh38#0#chr1,103733500,103736500,3000,keep1,on,1000,contained,100000,65536,True,,1,1144,11,79050,35,5177344,34,2228224,35,34,0,0,,11,8113,216,8.3,ok,681,1,65536,1,65536,2161,5,2818048,1,65536,5257,29,2293760,32,2097152,0,0,0,0,0,14,0,0,0,0,898,947,574,50
segdup,AMY1,GRCh38#0#chr1,103733500,103736500,3000,keep8,on,1000,contained,100000,65536,True,,1,1239,45,142491,39,5439488,35,2293760,39,35,0,0,,45,9158,225,9.3,ok,711,1,65536,1,65536,2214,5,2818048,1,65536,6220,33,2555904,33,2162688,0,0,0,0,0,13,0,0,0,0,906,2056,507,140
segdup,LPA KIV-2,GRCh38#0#chr6,160629500,160632500,3000,sampled,on,1000,contained,100000,65536,True,,1,674,735,1187920,16,3538944,8,524288,16,8,410097,540710,,,9377,353,9.6,ok,715,1,65536,1,65536,2196,5,2818048,1,65536,1034,8,524288,0,0,5413,2,131072,6,393216,19,0,0,0,0,,,,
segdup,LPA KIV-2,GRCh38#0#chr6,160629500,160632500,3000,keep1,on,1000,contained,100000,65536,True,,1,541,4,40756,20,4980736,24,1572864,20,24,0,0,,4,6048,217,6.3,ok,709,1,65536,1,65536,2175,5,2818048,1,65536,3156,14,2097152,22,1441792,0,0,0,0,0,8,0,0,0,0,1073,959,35,0
segdup,LPA KIV-2,GRCh38#0#chr6,160629500,160632500,3000,keep8,on,1000,contained,100000,65536,True,,1,566,15,60189,20,4980736,24,1572864,20,24,0,0,,15,6115,223,6.3,ok,664,1,65536,1,65536,2270,5,2818048,1,65536,3169,14,2097152,22,1441792,0,0,0,0,0,12,0,0,0,0,1044,1070,37,1
segdup,SMN1/SMN2,GRCh38#0#chr5,70937500,70940500,3000,sampled,on,1000,contained,100000,65536,True,,1,101,97,78603,13,3342336,7,458752,13,7,5777,5777,,,4206,174,4.4,ok,703,1,65536,1,65536,2073,5,2818048,1,65536,927,7,458752,0,0,494,0,0,5,327680,8,0,0,0,0,,,,
segdup,SMN1/SMN2,GRCh38#0#chr5,70937500,70940500,3000,keep1,on,1000,contained,100000,65536,True,,1,73,2,10063,16,3997696,21,1376256,16,21,0,0,,2,4934,172,5.1,ok,677,1,65536,1,65536,2085,5,2818048,1,65536,2166,10,1114112,19,1245184,0,0,0,0,0,5,0,0,0,0,990,199,0,0
segdup,SMN1/SMN2,GRCh38#0#chr5,70937500,70940500,3000,keep8,on,1000,contained,100000,65536,True,,1,78,3,11146,16,3997696,21,1376256,16,21,0,0,,3,5085,176,5.3,ok,686,1,65536,1,65536,2233,5,2818048,1,65536,2161,10,1114112,19,1245184,0,0,0,0,0,6,0,0,0,0,1037,186,0,5
segdup,C4A/C4B,GRCh38#0#chr6,31998500,32001500,3000,sampled,on,1000,contained,100000,65536,True,,1,96,309,224681,12,3276800,8,524288,12,8,2092,2092,,,4285,164,4.5,ok,698,1,65536,1,65536,2379,5,2818048,1,65536,798,6,393216,0,0,404,0,0,6,393216,6,0,0,0,0,,,,
segdup,C4A/C4B,GRCh38#0#chr6,31998500,32001500,3000,keep1,on,1000,contained,100000,65536,True,,1,65,1,8604,15,3866624,20,1310720,15,20,0,0,,1,4718,175,4.9,ok,686,1,65536,1,65536,2155,5,2818048,1,65536,1870,9,983040,18,1179648,0,0,0,0,0,6,0,0,0,0,793,244,37,1
segdup,C4A/C4B,GRCh38#0#chr6,31998500,32001500,3000,keep8,on,1000,contained,100000,65536,True,,1,74,6,12733,15,3866624,20,1310720,15,20,0,0,,6,4759,177,5.0,ok,646,1,65536,1,65536,2159,5,2818048,1,65536,1948,9,983040,18,1179648,0,0,0,0,0,7,0,0,0,0,781,308,45,1
unplaced,chr1_KI270706v1_random,GRCh38#0#chr1_KI270706v1_random,20000,23000,3000,sampled,on,1000,contained,100000,65536,True,,1,6,1,6569,13,3342336,5,327680,13,5,0,0,,,4127,162,4.3,ok,650,1,65536,1,65536,2257,5,2818048,1,65536,870,7,458752,0,0,345,0,0,3,196608,4,0,0,0,0,,,,
unplaced,chr1_KI270706v1_random,GRCh38#0#chr1_KI270706v1_random,20000,23000,3000,keep1,on,1000,contained,100000,65536,True,,1,6,1,6569,13,3342336,15,983040,13,15,0,0,,1,4752,166,4.9,ok,699,1,65536,1,65536,2346,5,2818048,1,65536,1704,7,458752,13,851968,0,0,0,0,0,3,0,0,0,0,788,0,0,0
unplaced,chr1_KI270706v1_random,GRCh38#0#chr1_KI270706v1_random,20000,23000,3000,keep8,on,1000,contained,100000,65536,True,,1,6,1,6569,13,3342336,15,983040,13,15,0,0,,1,4432,171,4.6,ok,721,1,65536,1,65536,2116,5,2818048,1,65536,1592,7,458752,13,851968,0,0,0,0,0,3,0,0,0,0,737,0,0,0
unplaced,chrUn_GL000220v1,GRCh38#0#chrUn_GL000220v1,20000,23000,3000,sampled,on,1000,contained,100000,65536,True,,1,6,1,6563,12,3276800,5,327680,12,5,0,0,,,3929,158,4.1,ok,705,1,65536,1,65536,2236,5,2818048,1,65536,770,6,393216,0,0,213,0,0,3,196608,5,0,0,0,0,,,,
unplaced,chrUn_GL000220v1,GRCh38#0#chrUn_GL000220v1,20000,23000,3000,keep1,on,1000,contained,100000,65536,True,,1,6,1,6563,12,3276800,14,917504,12,14,0,0,,1,4344,169,4.5,ok,845,1,65536,1,65536,2090,5,2818048,1,65536,1406,6,393216,12,786432,0,0,0,0,0,3,0,0,0,0,585,0,0,0
unplaced,chrUn_GL000220v1,GRCh38#0#chrUn_GL000220v1,20000,23000,3000,keep8,on,1000,contained,100000,65536,True,,1,6,1,6563,12,3276800,14,917504,12,14,0,0,,1,4598,169,4.8,ok,753,1,65536,1,65536,2494,5,2818048,1,65536,1347,6,393216,12,786432,0,0,0,0,0,3,0,0,0,0,581,0,0,0
unplaced,chr14_GL000225v1_random,GRCh38#0#chr14_GL000225v1_random,20000,23000,3000,sampled,on,1000,contained,100000,65536,True,,1,6,1,6570,12,3276800,5,327680,12,5,0,0,,,3791,162,3.9,ok,753,1,65536,1,65536,2018,5,2818048,1,65536,786,6,393216,0,0,231,0,0,3,196608,3,0,0,0,0,,,,
unplaced,chr14_GL000225v1_random,GRCh38#0#chr14_GL000225v1_random,20000,23000,3000,keep1,on,1000,contained,100000,65536,True,,1,6,1,6570,12,3276800,14,917504,12,14,0,0,,1,5014,167,5.2,ok,785,1,65536,1,65536,2868,5,2818048,1,65536,1358,6,393216,12,786432,0,0,0,0,0,3,0,0,0,0,596,0,0,0
unplaced,chr14_GL000225v1_random,GRCh38#0#chr14_GL000225v1_random,20000,23000,3000,keep8,on,1000,contained,100000,65536,True,,1,6,1,6570,12,3276800,14,917504,12,14,0,0,,1,4736,169,4.9,ok,772,1,65536,1,65536,2663,5,2818048,1,65536,1298,6,393216,12,786432,0,0,0,0,0,4,0,0,0,0,548,0,0,0
random-chr6,chr6-0,GRCh38#0#chr6,27843619,27853619,10000,sampled,on,1000,contained,100000,65536,True,,1,568,464,1757093,12,3276800,7,458752,12,7,86,86,,,4435,183,4.6,ok,667,1,65536,1,65536,2506,5,2818048,1,65536,891,6,393216,0,0,347,0,0,5,327680,23,0,0,0,0,,,,
random-chr6,chr6-0,GRCh38#0#chr6,27843619,27853619,10000,keep1,on,1000,contained,100000,65536,True,,1,367,3,42929,15,3735552,24,1572864,15,24,0,0,,3,5012,211,5.2,ok,650,1,65536,1,65536,2592,5,2818048,1,65536,1761,9,851968,22,1441792,0,0,0,0,0,7,0,0,0,0,731,184,43,1
random-chr6,chr6-0,GRCh38#0#chr6,27843619,27853619,10000,keep8,on,1000,contained,100000,65536,True,,1,414,9,68627,15,3735552,24,1572864,15,24,0,0,,9,4977,209,5.1,ok,670,1,65536,1,65536,2422,5,2818048,1,65536,1879,9,851968,22,1441792,0,0,0,0,0,6,0,0,0,0,759,233,41,0
random-chr6,chr6-1,GRCh38#0#chr6,50903832,50913832,10000,sampled,on,1000,contained,100000,65536,True,,1,418,464,1319857,13,3342336,7,458752,13,7,12126,12126,,,4777,185,4.9,ok,665,1,65536,1,65536,2571,5,2818048,1,65536,1003,7,458752,0,0,518,0,0,5,327680,20,0,0,0,0,,,,
random-chr6,chr6-1,GRCh38#0#chr6,50903832,50913832,10000,keep1,on,1000,contained,100000,65536,True,,1,301,3,34470,16,3932160,22,1441792,16,22,0,0,,3,5010,175,5.1,ok,696,1,65536,1,65536,2388,5,2818048,1,65536,1922,10,1048576,20,1310720,0,0,0,0,0,5,0,0,0,0,802,168,34,0
random-chr6,chr6-1,GRCh38#0#chr6,50903832,50913832,10000,keep8,on,1000,contained,100000,65536,True,,1,310,9,51677,16,3932160,22,1441792,16,22,0,0,,9,4783,207,4.9,ok,810,1,65536,1,65536,2089,5,2818048,1,65536,1877,10,1048576,20,1310720,0,0,0,0,0,7,0,0,0,0,729,192,46,1
random-chr6,chr6-2,GRCh38#0#chr6,80561691,80571691,10000,sampled,on,1000,contained,100000,65536,True,,1,774,464,2445242,13,3342336,8,524288,13,8,64794,64794,,,5057,261,5.6,ok,868,1,65536,1,65536,1977,5,2818048,1,65536,939,6,393216,0,0,1251,1,65536,6,393216,22,0,0,0,0,,,,
random-chr6,chr6-2,GRCh38#0#chr6,80561691,80571691,10000,keep1,on,1000,contained,100000,65536,True,,1,529,3,50879,16,4063232,21,1376256,16,21,0,0,,3,5346,199,5.5,ok,684,1,65536,1,65536,2063,5,2818048,1,65536,2591,10,1179648,19,1245184,0,0,0,0,0,7,0,0,0,0,1053,712,35,0
random-chr6,chr6-2,GRCh38#0#chr6,80561691,80571691,10000,keep8,on,1000,contained,100000,65536,True,,1,558,9,83844,16,4063232,21,1376256,16,21,0,0,,9,5441,207,5.6,ok,668,1,65536,1,65536,2018,5,2818048,1,65536,2749,10,1179648,19,1245184,0,0,0,0,0,6,0,0,0,0,1123,789,41,0
random-chr6,chr6-3,GRCh38#0#chr6,33451151,33461151,10000,sampled,on,1000,contained,100000,65536,True,,1,388,464,1267803,12,3276800,7,458752,12,7,0,0,,,4141,166,4.3,ok,617,1,65536,1,65536,2321,5,2818048,1,65536,795,6,393216,0,0,393,0,0,5,327680,15,0,0,0,0,,,,
random-chr6,chr6-3,GRCh38#0#chr6,33451151,33461151,10000,keep1,on,1000,contained,100000,65536,True,,1,274,3,32301,15,3997696,23,1507328,15,23,0,0,,3,5049,213,5.2,ok,674,1,65536,1,65536,2407,5,2818048,1,65536,1961,9,1114112,21,1376256,0,0,0,0,0,6,0,0,0,0,988,206,36,0
random-chr6,chr6-3,GRCh38#0#chr6,33451151,33461151,10000,keep8,on,1000,contained,100000,65536,True,,1,277,9,48533,15,3997696,23,1507328,15,23,0,0,,9,4902,210,5.0,ok,686,1,65536,1,65536,2066,5,2818048,1,65536,2145,9,1114112,21,1376256,0,0,0,0,0,5,0,0,0,0,1044,245,40,0
random-chr6,chr6-4,GRCh38#0#chr6,90307183,90317183,10000,sampled,on,1000,contained,100000,65536,True,,1,394,464,1256449,13,3342336,8,524288,13,8,0,0,,,4337,172,4.5,ok,690,1,65536,1,65536,2144,5,2818048,1,65536,1057,7,458752,0,0,427,0,0,6,393216,18,0,0,0,0,,,,
random-chr6,chr6-4,GRCh38#0#chr6,90307183,90317183,10000,keep1,on,1000,contained,100000,65536,True,,1,271,3,31929,16,4128768,21,1376256,16,21,0,0,,3,5097,214,5.2,ok,786,1,65536,1,65536,2093,5,2818048,1,65536,2212,10,1245184,19,1245184,0,0,0,0,0,6,0,0,0,0,960,282,9,0
random-chr6,chr6-4,GRCh38#0#chr6,90307183,90317183,10000,keep8,on,1000,contained,100000,65536,True,,1,297,9,49685,16,4128768,21,1376256,16,21,0,0,,9,4908,214,5.0,ok,670,1,65536,1,65536,2054,5,2818048,1,65536,2174,10,1245184,19,1245184,0,0,0,0,0,9,0,0,0,0,930,317,12,1
random-chr6,chr6-5,GRCh38#0#chr6,135432395,135442395,10000,sampled,on,1000,contained,100000,65536,True,,1,421,464,1377193,13,3342336,7,458752,13,7,32414,32414,,,4724,230,4.9,ok,654,1,65536,1,65536,2144,5,2818048,1,65536,998,7,458752,0,0,907,0,0,5,327680,20,0,0,0,0,,,,
random-chr6,chr6-5,GRCh38#0#chr6,135432395,135442395,10000,keep1,on,1000,contained,100000,65536,True,,1,312,3,35329,16,3932160,20,1310720,16,20,0,0,,3,4715,182,4.9,ok,677,1,65536,1,65536,2057,5,2818048,1,65536,1973,10,1048576,18,1179648,0,0,0,0,0,7,0,0,0,0,821,209,37,0
random-chr6,chr6-5,GRCh38#0#chr6,135432395,135442395,10000,keep8,on,1000,contained,100000,65536,True,,1,305,9,52177,16,3932160,20,1310720,16,20,0,0,,9,4832,211,5.0,ok,689,1,65536,1,65536,2097,5,2818048,1,65536,2040,10,1048576,18,1179648,0,0,0,0,0,6,0,0,0,0,785,307,42,0
random-chr6,chr6-6,GRCh38#0#chr6,114308485,114318485,10000,sampled,on,1000,contained,100000,65536,True,,1,424,464,1373938,13,3342336,7,458752,13,7,0,0,,,4162,179,4.3,ok,623,1,65536,1,65536,2088,5,2818048,1,65536,1079,7,458752,0,0,336,0,0,5,327680,36,0,0,0,0,,,,
random-chr6,chr6-6,GRCh38#0#chr6,114308485,114318485,10000,keep1,on,1000,contained,100000,65536,True,,1,301,3,34443,16,3801088,23,1507328,16,23,0,0,,3,4903,188,5.0,ok,699,1,65536,1,65536,2118,5,2818048,1,65536,2080,10,917504,21,1376256,0,0,0,0,0,6,0,0,0,0,917,166,48,1
random-chr6,chr6-6,GRCh38#0#chr6,114308485,114318485,10000,keep8,on,1000,contained,100000,65536,True,,1,316,9,52935,16,3801088,23,1507328,16,23,0,0,,9,5054,203,5.2,ok,622,1,65536,1,65536,2215,5,2818048,1,65536,2208,10,917504,21,1376256,0,0,0,0,0,9,0,0,0,0,984,238,55,1
random-chr6,chr6-7,GRCh38#0#chr6,137289311,137299311,10000,sampled,on,1000,contained,100000,65536,True,,1,519,464,1675548,13,3342336,8,524288,13,8,0,0,,,4344,174,4.5,ok,708,1,65536,1,65536,2044,5,2818048,1,65536,1030,7,458752,0,0,542,0,0,6,393216,20,0,0,0,0,,,,
random-chr6,chr6-7,GRCh38#0#chr6,137289311,137299311,10000,keep1,on,1000,contained,100000,65536,True,,1,378,3,39721,16,3932160,21,1376256,16,21,0,0,,3,4803,212,4.9,ok,630,1,65536,1,65536,2127,5,2818048,1,65536,2038,10,1048576,19,1245184,0,0,0,0,0,8,0,0,0,0,910,167,76,0
random-chr6,chr6-7,GRCh38#0#chr6,137289311,137299311,10000,keep8,on,1000,contained,100000,65536,True,,1,394,9,62065,16,3932160,21,1376256,16,21,0,0,,9,4700,213,4.8,ok,639,1,65536,1,65536,1995,5,2818048,1,65536,2059,10,1048576,19,1245184,0,0,0,0,0,6,0,0,0,0,886,205,93,0
random-chr6,chr6-8,GRCh38#0#chr6,51962399,51972399,10000,sampled,on,1000,contained,100000,65536,True,,1,423,464,1349791,13,3342336,7,458752,13,7,187,187,,,4103,180,4.2,ok,650,1,65536,1,65536,2210,5,2818048,1,65536,912,7,458752,0,0,316,0,0,5,327680,15,0,0,0,0,,,,
random-chr6,chr6-8,GRCh38#0#chr6,51962399,51972399,10000,keep1,on,1000,contained,100000,65536,True,,1,295,3,33904,16,3932160,21,1376256,16,21,0,0,,3,4679,190,4.8,ok,725,1,65536,1,65536,1985,5,2818048,1,65536,1964,10,1048576,19,1245184,0,0,0,0,0,6,0,0,0,0,819,192,73,0
random-chr6,chr6-8,GRCh38#0#chr6,51962399,51972399,10000,keep8,on,1000,contained,100000,65536,True,,1,303,9,51556,16,3932160,21,1376256,16,21,0,0,,9,4823,209,5.0,ok,721,1,65536,1,65536,2032,5,2818048,1,65536,2064,10,1048576,19,1245184,0,0,0,0,0,5,0,0,0,0,896,229,37,0
random-chr6,chr6-9,GRCh38#0#chr6,82434865,82444865,10000,sampled,on,1000,contained,100000,65536,True,,1,314,464,1028187,12,3276800,8,524288,12,8,0,0,,,4100,202,4.2,ok,641,1,65536,1,65536,2238,5,2818048,1,65536,782,6,393216,0,0,420,0,0,6,393216,18,0,0,0,0,,,,
random-chr6,chr6-9,GRCh38#0#chr6,82434865,82444865,10000,keep1,on,1000,contained,100000,65536,True,,1,233,3,29652,16,4194304,23,1507328,16,23,0,0,,3,9975,213,10.1,ok,636,1,65536,1,65536,2140,5,2818048,1,65536,7194,10,1310720,21,1376256,0,0,0,0,0,5,0,0,0,0,926,5511,6,0
random-chr6,chr6-9,GRCh38#0#chr6,82434865,82444865,10000,keep8,on,1000,contained,100000,65536,True,,1,247,9,43566,16,4194304,23,1507328,16,23,0,0,,9,11830,215,12.0,ok,638,1,65536,1,65536,2298,5,2818048,1,65536,8887,10,1310720,21,1376256,0,0,0,0,0,7,0,0,0,0,7099,1033,18,1
random-chr1,chr1-0,GRCh38#0#chr1,77278449,77288449,10000,sampled,on,1000,contained,100000,65536,True,,1,447,464,1161946,13,3342336,7,458752,13,7,1438,1438,,,4038,174,4.2,ok,661,1,65536,1,65536,2037,5,2818048,1,65536,789,6,393216,0,0,535,1,65536,5,327680,16,0,0,0,0,,,,
random-chr1,chr1-0,GRCh38#0#chr1,77278449,77288449,10000,keep1,on,1000,contained,100000,65536,True,,1,318,3,31762,14,3735552,19,1245184,14,19,0,0,,3,4317,179,4.5,ok,633,1,65536,1,65536,1935,5,2818048,1,65536,1745,8,851968,17,1114112,0,0,0,0,0,5,0,0,0,0,825,160,40,0
random-chr1,chr1-0,GRCh38#0#chr1,77278449,77288449,10000,keep8,on,1000,contained,100000,65536,True,,1,327,9,46973,14,3735552,19,1245184,14,19,0,0,,9,10875,206,11.0,ok,659,1,65536,1,65536,2123,5,2818048,1,65536,8087,8,851968,17,1114112,0,0,0,0,0,7,0,0,0,0,6317,764,208,1
random-chr1,chr1-1,GRCh38#0#chr1,158727466,158737466,10000,sampled,on,1000,contained,100000,65536,True,,1,528,464,1520247,12,3276800,8,524288,12,8,0,0,,,8560,174,8.7,ok,766,1,65536,1,65536,1925,5,2818048,1,65536,960,6,393216,0,0,4890,0,0,6,393216,19,0,0,0,0,,,,
random-chr1,chr1-1,GRCh38#0#chr1,158727466,158737466,10000,keep1,on,1000,contained,100000,65536,True,,1,392,3,38695,16,4325376,22,1441792,16,22,0,0,,3,9063,213,9.2,ok,635,1,65536,1,65536,1819,5,2818048,1,65536,6602,10,1441792,20,1310720,0,0,0,0,0,6,0,0,0,0,4903,961,6,0
random-chr1,chr1-1,GRCh38#0#chr1,158727466,158737466,10000,keep8,on,1000,contained,100000,65536,True,,1,423,9,60047,16,4325376,22,1441792,16,22,0,0,,9,10597,214,10.7,ok,649,1,65536,1,65536,6615,5,2818048,1,65536,3325,10,1441792,20,1310720,0,0,0,0,0,8,0,0,0,0,927,823,9,0
random-chr17,chr17-0,GRCh38#0#chr17,68023240,68033240,10000,sampled,on,1000,contained,100000,65536,True,,1,540,465,1563085,13,3342336,7,458752,13,7,0,0,,,9135,183,9.3,ok,667,1,65536,1,65536,6229,5,2818048,1,65536,1881,7,458752,0,0,326,0,0,5,327680,32,0,0,0,0,,,,
random-chr17,chr17-0,GRCh38#0#chr17,68023240,68033240,10000,keep1,on,1000,contained,100000,65536,True,,1,389,3,38834,16,4456448,23,1507328,16,23,0,0,,3,12065,213,12.2,ok,673,1,65536,1,65536,7760,5,2818048,1,65536,3625,10,1572864,21,1376256,0,0,0,0,0,7,0,0,0,0,1109,894,7,0
random-chr17,chr17-0,GRCh38#0#chr17,68023240,68033240,10000,keep8,on,1000,contained,100000,65536,True,,1,416,9,60418,16,4456448,23,1507328,16,23,0,0,,9,10675,216,10.8,ok,5835,1,65536,1,65536,2620,5,2818048,1,65536,2208,10,1572864,21,1376256,0,0,0,0,0,11,0,0,0,0,901,374,14,1
random-chr17,chr17-1,GRCh38#0#chr17,68818046,68828046,10000,sampled,on,1000,contained,100000,65536,True,,1,528,464,1498812,14,3407872,8,524288,14,8,1299,1299,,,9370,171,9.5,ok,5448,1,65536,1,65536,2447,5,2818048,1,65536,1032,8,524288,0,0,423,0,0,6,393216,19,0,0,0,0,,,,
random-chr17,chr17-1,GRCh38#0#chr17,68818046,68828046,10000,keep1,on,1000,contained,100000,65536,True,,1,386,3,38351,17,3997696,21,1376256,17,21,0,0,,3,10010,192,10.2,ok,5779,1,65536,1,65536,2078,5,2818048,1,65536,2142,11,1114112,19,1245184,0,0,0,0,0,11,0,0,0,0,886,247,12,1
random-chr17,chr17-1,GRCh38#0#chr17,68818046,68828046,10000,keep8,on,1000,contained,100000,65536,True,,1,399,9,58115,17,3997696,21,1376256,17,21,0,0,,9,9823,209,10.0,ok,5568,1,65536,1,65536,1976,5,2818048,1,65536,2269,11,1114112,19,1245184,0,0,0,0,0,10,0,0,0,0,973,293,15,1
segdup,AMY1,GRCh38#0#chr1,103730000,103740000,10000,sampled,on,1000,contained,100000,65536,True,,1,3486,2657,9101649,33,4915200,23,1507328,33,23,119091,303533,,,15335,480,15.5,ok,5424,1,65536,1,65536,2216,5,2818048,1,65536,2948,21,1638400,0,0,4616,6,393216,21,1376256,130,0,0,0,0,,,,
segdup,AMY1,GRCh38#0#chr1,103730000,103740000,10000,keep1,on,1000,contained,100000,65536,True,,1,1762,8,128163,34,5242880,34,2228224,34,34,0,0,,8,12260,213,12.4,ok,5180,1,65536,1,65536,2087,5,2818048,1,65536,4972,28,2359296,32,2097152,0,0,0,0,0,20,0,0,0,0,880,941,492,1
segdup,AMY1,GRCh38#0#chr1,103730000,103740000,10000,keep8,on,1000,contained,100000,65536,True,,1,2324,34,259764,37,5439488,35,2293760,37,35,0,0,,34,7996,234,8.1,ok,560,1,65536,1,65536,1993,5,2818048,1,65536,5411,31,2555904,33,2162688,0,0,0,0,0,33,0,0,0,0,830,1321,494,68
segdup,LPA KIV-2,GRCh38#0#chr6,160626000,160636000,10000,sampled,on,1000,contained,100000,65536,True,,1,1915,1531,3319270,23,3997696,10,655360,23,10,578601,1012131,,,13960,470,14.1,ok,747,1,65536,1,65536,2243,5,2818048,1,65536,1383,10,655360,0,0,9535,7,458752,8,524288,52,0,0,0,0,,,,
segdup,LPA KIV-2,GRCh38#0#chr6,160626000,160636000,10000,keep1,on,1000,contained,100000,65536,True,,1,1377,7,101916,21,4980736,25,1638400,21,25,0,0,,7,6057,220,6.2,ok,701,1,65536,1,65536,1985,5,2818048,1,65536,3348,15,2097152,23,1507328,0,0,0,0,0,22,0,0,0,0,890,971,79,1
segdup,LPA KIV-2,GRCh38#0#chr6,160626000,160636000,10000,keep8,on,1000,contained,100000,65536,True,,1,1591,30,169256,21,4980736,25,1638400,21,25,0,0,,30,6219,221,6.4,ok,691,1,65536,1,65536,2050,5,2818048,1,65536,3460,15,2097152,23,1507328,0,0,0,0,0,18,0,0,0,0,907,1168,83,1
segdup,SMN1/SMN2,GRCh38#0#chr5,70934000,70944000,10000,sampled,on,1000,contained,100000,65536,True,,1,229,97,166806,13,3342336,7,458752,13,7,529,529,,,4018,167,4.2,ok,615,1,65536,1,65536,2070,5,2818048,1,65536,977,7,458752,0,0,346,0,0,5,327680,10,0,0,0,0,,,,
segdup,SMN1/SMN2,GRCh38#0#chr5,70934000,70944000,10000,keep1,on,1000,contained,100000,65536,True,,1,149,2,21930,16,3997696,21,1376256,16,21,0,0,,2,4571,173,4.7,ok,608,1,65536,1,65536,1942,5,2818048,1,65536,2013,10,1114112,19,1245184,0,0,0,0,0,8,0,0,0,0,912,183,1,0
segdup,SMN1/SMN2,GRCh38#0#chr5,70934000,70944000,10000,keep8,on,1000,contained,100000,65536,True,,1,164,3,24497,20,4259840,21,1376256,20,21,0,0,,3,5564,208,5.7,ok,745,1,65536,1,65536,2139,5,2818048,1,65536,2671,14,1376256,19,1245184,0,0,0,0,0,9,0,0,0,0,940,729,2,1
segdup,C4A/C4B,GRCh38#0#chr6,31995000,32005000,10000,sampled,on,1000,contained,100000,65536,True,,1,2089,464,3287650,15,3473408,9,589824,15,9,16260,16260,,,4848,243,5.0,ok,661,1,65536,1,65536,2199,5,2818048,1,65536,1131,8,524288,0,0,790,1,65536,7,458752,67,0,0,0,0,,,,
segdup,C4A/C4B,GRCh38#0#chr6,31995000,32005000,10000,keep1,on,1000,contained,100000,65536,True,,1,951,3,89415,17,3866624,21,1376256,17,21,0,0,,3,4931,211,5.1,ok,698,1,65536,1,65536,2214,5,2818048,1,65536,1990,11,983040,19,1245184,0,0,0,0,0,29,0,0,0,0,659,211,96,0
segdup,C4A/C4B,GRCh38#0#chr6,31995000,32005000,10000,keep8,on,1000,contained,100000,65536,True,,1,1494,9,192464,17,3866624,21,1376256,17,21,0,0,,9,4679,211,4.8,ok,708,1,65536,1,65536,1979,5,2818048,1,65536,1972,11,983040,19,1245184,0,0,0,0,0,19,0,0,0,0,648,232,78,0
unplaced,chr1_KI270706v1_random,GRCh38#0#chr1_KI270706v1_random,20000,30000,10000,sampled,on,1000,contained,100000,65536,True,,1,13,1,14101,13,3342336,5,327680,13,5,0,0,,,3966,162,4.1,ok,768,1,65536,1,65536,2147,5,2818048,1,65536,843,7,458752,0,0,203,0,0,3,196608,5,0,0,0,0,,,,
unplaced,chr1_KI270706v1_random,GRCh38#0#chr1_KI270706v1_random,20000,30000,10000,keep1,on,1000,contained,100000,65536,True,,1,13,1,14101,13,3342336,15,983040,13,15,0,0,,1,4377,166,4.5,ok,674,1,65536,1,65536,2265,5,2818048,1,65536,1434,7,458752,13,851968,0,0,0,0,0,4,0,0,0,0,597,0,0,0
unplaced,chr1_KI270706v1_random,GRCh38#0#chr1_KI270706v1_random,20000,30000,10000,keep8,on,1000,contained,100000,65536,True,,1,13,1,14101,13,3342336,15,983040,13,15,0,0,,1,4447,169,4.6,ok,759,1,65536,1,65536,2110,5,2818048,1,65536,1576,7,458752,13,851968,0,0,0,0,0,3,0,0,0,0,706,0,0,0
unplaced,chrUn_GL000220v1,GRCh38#0#chrUn_GL000220v1,20000,30000,10000,sampled,on,1000,contained,100000,65536,True,,1,13,1,14095,12,3276800,6,393216,12,6,0,0,,,3848,164,4.0,ok,640,1,65536,1,65536,2133,5,2818048,1,65536,744,6,393216,0,0,328,0,0,4,262144,4,0,0,0,0,,,,
unplaced,chrUn_GL000220v1,GRCh38#0#chrUn_GL000220v1,20000,30000,10000,keep1,on,1000,contained,100000,65536,True,,1,13,1,14095,12,3276800,14,917504,12,14,0,0,,1,4212,163,4.4,ok,702,1,65536,1,65536,2076,5,2818048,1,65536,1430,6,393216,12,786432,0,0,0,0,0,4,0,0,0,0,665,0,0,0
unplaced,chrUn_GL000220v1,GRCh38#0#chrUn_GL000220v1,20000,30000,10000,keep8,on,1000,contained,100000,65536,True,,1,13,1,14095,12,3276800,14,917504,12,14,0,0,,1,4089,169,4.2,ok,596,1,65536,1,65536,1965,5,2818048,1,65536,1523,6,393216,12,786432,0,0,0,0,0,4,0,0,0,0,742,0,0,0
unplaced,chr14_GL000225v1_random,GRCh38#0#chr14_GL000225v1_random,20000,30000,10000,sampled,on,1000,contained,100000,65536,True,,1,13,1,14102,12,3276800,5,327680,12,5,0,0,,,3628,164,3.8,ok,604,1,65536,1,65536,2022,5,2818048,1,65536,801,6,393216,0,0,197,0,0,3,196608,3,0,0,0,0,,,,
unplaced,chr14_GL000225v1_random,GRCh38#0#chr14_GL000225v1_random,20000,30000,10000,keep1,on,1000,contained,100000,65536,True,,1,13,1,14102,12,3276800,14,917504,12,14,0,0,,1,3992,172,4.2,ok,644,1,65536,1,65536,1871,5,2818048,1,65536,1472,6,393216,12,786432,0,0,0,0,0,5,0,0,0,0,679,0,0,1
unplaced,chr14_GL000225v1_random,GRCh38#0#chr14_GL000225v1_random,20000,30000,10000,keep8,on,1000,contained,100000,65536,True,,1,13,1,14102,12,3276800,14,917504,12,14,0,0,,1,4339,169,4.5,ok,652,1,65536,1,65536,2246,5,2818048,1,65536,1438,6,393216,12,786432,0,0,0,0,0,3,0,0,0,0,644,0,0,0
random-chr6,chr6-0,GRCh38#0#chr6,106590059,106620059,30000,sampled,on,1000,contained,100000,65536,True,,1,1676,464,5252011,14,3407872,9,589824,14,9,0,0,,,4497,230,4.7,ok,619,1,65536,1,65536,2074,5,2818048,1,65536,1359,8,524288,0,0,394,0,0,7,458752,52,0,0,0,0,,,,
random-chr6,chr6-0,GRCh38#0#chr6,106590059,106620059,30000,keep1,on,1000,contained,100000,65536,True,,1,1199,3,121032,17,3866624,25,1638400,17,25,0,0,,3,5007,216,5.2,ok,687,1,65536,1,65536,2178,5,2818048,1,65536,2130,11,983040,23,1507328,0,0,0,0,0,12,0,0,0,0,757,231,88,0
random-chr6,chr6-0,GRCh38#0#chr6,106590059,106620059,30000,keep8,on,1000,contained,100000,65536,True,,1,1269,9,192738,17,3866624,25,1638400,17,25,0,0,,9,4980,213,5.2,ok,744,1,65536,1,65536,2101,5,2818048,1,65536,2119,11,983040,23,1507328,0,0,0,0,0,16,0,0,0,0,687,301,92,0
random-chr6,chr6-1,GRCh38#0#chr6,159109089,159139089,30000,sampled,on,1000,contained,100000,65536,True,,1,1901,466,5486354,123,10616832,11,720896,123,11,0,0,,,7598,256,7.8,ok,738,1,65536,1,65536,2381,5,2818048,1,65536,3837,117,7733248,0,0,578,0,0,9,589824,64,0,0,0,0,,,,
random-chr6,chr6-1,GRCh38#0#chr6,159109089,159139089,30000,keep1,on,1000,contained,100000,65536,True,,1,1218,3,122967,126,11468800,26,1703936,126,26,0,0,,3,7877,251,8.0,ok,667,1,65536,1,65536,2327,5,2818048,1,65536,4868,120,8585216,24,1572864,0,0,0,0,0,14,0,0,0,0,807,242,133,0
random-chr6,chr6-1,GRCh38#0#chr6,159109089,159139089,30000,keep8,on,1000,contained,100000,65536,True,,1,1363,9,202292,126,11468800,26,1703936,126,26,0,0,,9,7637,244,7.8,ok,647,1,65536,1,65536,2065,5,2818048,1,65536,4911,120,8585216,24,1572864,0,0,0,0,0,15,0,0,0,0,720,288,140,0
random-chr6,chr6-2,GRCh38#0#chr6,10267957,10297957,30000,sampled,on,1000,contained,100000,65536,True,,1,2010,464,6230180,13,3407872,9,589824,13,9,0,0,,,4563,238,4.7,ok,683,1,65536,1,65536,2067,5,2818048,1,65536,1094,7,524288,0,0,640,0,0,7,458752,79,0,0,0,0,,,,
random-chr6,chr6-2,GRCh38#0#chr6,10267957,10297957,30000,keep1,on,1000,contained,100000,65536,True,,1,1457,3,140274,16,4063232,26,1703936,16,26,0,0,,3,5311,214,5.4,ok,733,1,65536,1,65536,2013,5,2818048,1,65536,2550,10,1179648,24,1572864,0,0,0,0,0,14,0,0,0,0,1218,190,205,0
random-chr6,chr6-2,GRCh38#0#chr6,10267957,10297957,30000,keep8,on,1000,contained,100000,65536,True,,1,1509,9,222472,16,4063232,26,1703936,16,26,0,0,,9,5252,216,5.4,ok,734,1,65536,1,65536,1992,5,2818048,1,65536,2507,10,1179648,24,1572864,0,0,0,0,0,20,0,0,0,0,1158,273,145,0
random-chr6,chr6-3,GRCh38#0#chr6,129909947,129939947,30000,sampled,on,1000,contained,100000,65536,True,,1,1051,464,3364964,13,3342336,8,524288,13,8,0,0,,,4433,225,4.6,ok,728,1,65536,1,65536,2077,5,2818048,1,65536,1045,7,458752,0,0,548,0,0,6,393216,35,0,0,0,0,,,,
random-chr6,chr6-3,GRCh38#0#chr6,129909947,129939947,30000,keep1,on,1000,contained,100000,65536,True,,1,734,3,86378,15,3801088,23,1507328,15,23,0,0,,3,4891,213,5.1,ok,654,1,65536,1,65536,1985,5,2818048,1,65536,2242,9,917504,21,1376256,0,0,0,0,0,10,0,0,0,0,885,215,99,0
random-chr6,chr6-3,GRCh38#0#chr6,129909947,129939947,30000,keep8,on,1000,contained,100000,65536,True,,1,752,9,130241,15,3801088,23,1507328,15,23,0,0,,9,4920,211,5.1,ok,612,1,65536,1,65536,2136,5,2818048,1,65536,2159,9,917504,21,1376256,0,0,0,0,0,13,0,0,0,0,747,288,105,0
random-chr6,chr6-4,GRCh38#0#chr6,66160014,66190014,30000,sampled,on,1000,contained,100000,65536,True,,1,1488,464,4749291,13,3407872,8,524288,13,8,0,0,,,4766,234,4.9,ok,624,1,65536,1,65536,2664,5,2818048,1,65536,994,7,524288,0,0,433,0,0,6,393216,51,0,0,0,0,,,,
random-chr6,chr6-4,GRCh38#0#chr6,66160014,66190014,30000,keep1,on,1000,contained,100000,65536,True,,1,1055,3,108919,16,4325376,24,1572864,16,24,0,0,,3,5255,213,5.4,ok,732,1,65536,1,65536,2449,5,2818048,1,65536,2063,10,1441792,22,1441792,0,0,0,0,0,10,0,0,0,0,841,208,44,0
random-chr6,chr6-4,GRCh38#0#chr6,66160014,66190014,30000,keep8,on,1000,contained,100000,65536,True,,1,1126,9,174064,16,4325376,24,1572864,16,24,0,0,,9,5504,211,5.7,ok,887,1,65536,1,65536,2457,5,2818048,1,65536,2144,10,1441792,22,1441792,0,0,0,0,0,16,0,0,0,0,904,309,55,0
random-chr6,chr6-5,GRCh38#0#chr6,109525259,109555259,30000,sampled,on,1000,contained,100000,65536,True,,1,1256,464,3950093,14,3407872,8,524288,14,8,0,0,,,4578,222,4.7,ok,654,1,65536,1,65536,2210,5,2818048,1,65536,1191,8,524288,0,0,486,0,0,6,393216,36,0,0,0,0,,,,
random-chr6,chr6-5,GRCh38#0#chr6,109525259,109555259,30000,keep1,on,1000,contained,100000,65536,True,,1,907,3,98479,16,3932160,24,1572864,16,24,0,0,,3,5137,211,5.3,ok,777,1,65536,1,65536,2273,5,2818048,1,65536,2075,10,1048576,22,1441792,0,0,0,0,0,13,0,0,0,0,780,179,86,0
random-chr6,chr6-5,GRCh38#0#chr6,109525259,109555259,30000,keep8,on,1000,contained,100000,65536,True,,1,960,9,152268,16,3932160,24,1572864,16,24,0,0,,9,5139,211,5.3,ok,669,1,65536,1,65536,2327,5,2818048,1,65536,2128,10,1048576,22,1441792,0,0,0,0,0,14,0,0,0,0,736,225,64,0
random-chr6,chr6-6,GRCh38#0#chr6,112216567,112246567,30000,sampled,on,1000,contained,100000,65536,True,,1,1226,464,3785272,13,3342336,8,524288,13,8,0,0,,,4309,219,4.5,ok,715,1,65536,1,65536,2130,5,2818048,1,65536,1035,7,458752,0,0,387,0,0,6,393216,40,0,0,0,0,,,,
random-chr6,chr6-6,GRCh38#0#chr6,112216567,112246567,30000,keep1,on,1000,contained,100000,65536,True,,1,843,3,93961,16,3932160,25,1638400,16,25,0,0,,3,4851,205,5.0,ok,736,1,65536,1,65536,1976,5,2818048,1,65536,2125,10,1048576,23,1507328,0,0,0,0,0,14,0,0,0,0,881,184,58,0
random-chr6,chr6-6,GRCh38#0#chr6,112216567,112246567,30000,keep8,on,1000,contained,100000,65536,True,,1,908,9,146128,16,3932160,25,1638400,16,25,0,0,,9,4776,212,4.9,ok,668,1,65536,1,65536,1886,5,2818048,1,65536,2212,10,1048576,23,1507328,0,0,0,0,0,11,0,0,0,0,952,232,59,0
random-chr6,chr6-7,GRCh38#0#chr6,47441321,47471321,30000,sampled,on,1000,contained,100000,65536,True,,1,1505,464,4709935,13,3342336,10,655360,13,10,0,0,,,4196,223,4.4,ok,692,1,65536,1,65536,1926,5,2818048,1,65536,1072,7,458752,0,0,459,0,0,8,524288,48,0,0,0,0,,,,
random-chr6,chr6-7,GRCh38#0#chr6,47441321,47471321,30000,keep1,on,1000,contained,100000,65536,True,,1,1050,3,112403,16,3932160,25,1638400,16,25,0,0,,3,4949,212,5.1,ok,674,1,65536,1,65536,1998,5,2818048,1,65536,2268,10,1048576,23,1507328,0,0,0,0,0,9,0,0,0,0,1018,184,77,0
random-chr6,chr6-7,GRCh38#0#chr6,47441321,47471321,30000,keep8,on,1000,contained,100000,65536,True,,1,1120,9,177215,16,3932160,25,1638400,16,25,0,0,,9,4822,208,5.0,ok,635,1,65536,1,65536,1979,5,2818048,1,65536,2196,10,1048576,23,1507328,0,0,0,0,0,12,0,0,0,0,908,257,89,0
random-chr6,chr6-8,GRCh38#0#chr6,99549053,99579053,30000,sampled,on,1000,contained,100000,65536,True,,1,1209,464,3752874,13,3407872,8,524288,13,8,0,0,,,4292,220,4.4,ok,731,1,65536,1,65536,2061,5,2818048,1,65536,1088,7,524288,0,0,365,0,0,6,393216,46,0,0,0,0,,,,
random-chr6,chr6-8,GRCh38#0#chr6,99549053,99579053,30000,keep1,on,1000,contained,100000,65536,True,,1,851,3,95590,17,3866624,22,1441792,17,22,0,0,,3,5386,202,5.5,ok,709,1,65536,1,65536,2071,5,2818048,1,65536,2590,11,983040,20,1310720,0,0,0,0,0,15,0,0,0,0,817,631,114,1
random-chr6,chr6-8,GRCh38#0#chr6,99549053,99579053,30000,keep8,on,1000,contained,100000,65536,True,,1,896,9,145560,17,3866624,22,1441792,17,22,0,0,,9,5481,207,5.6,ok,720,1,65536,1,65536,2150,5,2818048,1,65536,2596,11,983040,20,1310720,0,0,0,0,0,15,0,0,0,0,786,786,103,0
random-chr6,chr6-9,GRCh38#0#chr6,148317044,148347044,30000,sampled,on,1000,contained,100000,65536,True,,1,1672,464,4990789,14,3473408,9,589824,14,9,0,0,,,4218,219,4.3,ok,600,1,65536,1,65536,2008,5,2818048,1,65536,1184,8,589824,0,0,383,0,0,7,458752,42,0,0,0,0,,,,
random-chr6,chr6-9,GRCh38#0#chr6,148317044,148347044,30000,keep1,on,1000,contained,100000,65536,True,,1,1088,3,113067,17,4128768,25,1638400,17,25,0,0,,3,4931,212,5.1,ok,684,1,65536,1,65536,2133,5,2818048,1,65536,2105,11,1245184,23,1507328,0,0,0,0,0,9,0,0,0,0,755,175,130,0
random-chr6,chr6-9,GRCh38#0#chr6,148317044,148347044,30000,keep8,on,1000,contained,100000,65536,True,,1,1263,9,189512,17,4128768,25,1638400,17,25,0,0,,9,5094,213,5.3,ok,642,1,65536,1,65536,2220,5,2818048,1,65536,2219,11,1245184,23,1507328,0,0,0,0,0,13,0,0,0,0,801,248,126,0
random-chr1,chr1-0,GRCh38#0#chr1,237956573,237986573,30000,sampled,on,1000,contained,100000,65536,True,,1,1180,465,3312703,13,3342336,8,524288,13,8,0,0,,,3977,219,4.1,ok,637,1,65536,1,65536,2021,5,2818048,1,65536,926,7,458752,0,0,359,0,0,6,393216,33,0,0,0,0,,,,
random-chr1,chr1-0,GRCh38#0#chr1,237956573,237986573,30000,keep1,on,1000,contained,100000,65536,True,,1,822,3,88329,15,3866624,23,1507328,15,23,0,0,,3,4616,208,4.8,ok,693,1,65536,1,65536,1981,5,2818048,1,65536,1932,9,983040,21,1376256,0,0,0,0,0,10,0,0,0,0,743,217,78,0
random-chr1,chr1-0,GRCh38#0#chr1,237956573,237986573,30000,keep8,on,1000,contained,100000,65536,True,,1,905,9,135744,15,3866624,23,1507328,15,23,0,0,,9,4599,210,4.8,ok,723,1,65536,1,65536,1899,5,2818048,1,65536,1966,9,983040,21,1376256,0,0,0,0,0,10,0,0,0,0,761,251,86,0
random-chr1,chr1-1,GRCh38#0#chr1,189721066,189751066,30000,sampled,on,1000,contained,100000,65536,True,,1,1386,465,3512885,13,3342336,9,589824,13,9,0,0,,,4369,219,4.5,ok,632,1,65536,1,65536,2025,5,2818048,1,65536,1255,7,458752,0,0,415,0,0,7,458752,42,0,0,0,0,,,,
random-chr1,chr1-1,GRCh38#0#chr1,189721066,189751066,30000,keep1,on,1000,contained,100000,65536,True,,1,977,3,92784,16,3801088,24,1572864,16,24,0,0,,3,4795,210,4.9,ok,668,1,65536,1,65536,2100,5,2818048,1,65536,2019,10,917504,22,1441792,0,0,0,0,0,8,0,0,0,0,731,209,150,0
random-chr1,chr1-1,GRCh38#0#chr1,189721066,189751066,30000,keep8,on,1000,contained,100000,65536,True,,1,1009,9,138636,16,3801088,24,1572864,16,24,0,0,,9,4871,212,5.0,ok,666,1,65536,1,65536,2178,5,2818048,1,65536,2013,10,917504,22,1441792,0,0,0,0,0,14,0,0,0,0,752,206,123,0
random-chr17,chr17-0,GRCh38#0#chr17,51291788,51321788,30000,sampled,on,1000,contained,100000,65536,True,,1,1185,464,3442781,14,3473408,8,524288,14,8,0,0,,,4252,231,4.4,ok,718,1,65536,1,65536,2064,5,2818048,1,65536,1002,8,589824,0,0,402,0,0,6,393216,66,0,0,0,0,,,,
random-chr17,chr17-0,GRCh38#0#chr17,51291788,51321788,30000,keep1,on,1000,contained,100000,65536,True,,1,855,3,90090,17,3997696,24,1572864,17,24,0,0,,3,4991,210,5.2,ok,689,1,65536,1,65536,2094,5,2818048,1,65536,2188,11,1114112,22,1441792,0,0,0,0,0,20,0,0,0,0,841,192,137,1
random-chr17,chr17-0,GRCh38#0#chr17,51291788,51321788,30000,keep8,on,1000,contained,100000,65536,True,,1,868,9,134313,17,3997696,24,1572864,17,24,0,0,,9,4993,212,5.2,ok,653,1,65536,1,65536,1997,5,2818048,1,65536,2328,11,1114112,22,1441792,0,0,0,0,0,15,0,0,0,0,850,229,131,1
random-chr17,chr17-1,GRCh38#0#chr17,12605483,12635483,30000,sampled,on,1000,contained,100000,65536,True,,1,1133,464,3231597,13,3342336,9,589824,13,9,0,0,,,4416,218,4.5,ok,626,1,65536,1,65536,2145,5,2818048,1,65536,1089,7,458752,0,0,509,0,0,7,458752,47,0,0,0,0,,,,
random-chr17,chr17-1,GRCh38#0#chr17,12605483,12635483,30000,keep1,on,1000,contained,100000,65536,True,,1,809,3,86671,16,3866624,24,1572864,16,24,0,0,,3,4759,211,4.9,ok,676,1,65536,1,65536,2145,5,2818048,1,65536,1928,10,983040,22,1441792,0,0,0,0,0,10,0,0,0,0,726,188,78,0
random-chr17,chr17-1,GRCh38#0#chr17,12605483,12635483,30000,keep8,on,1000,contained,100000,65536,True,,1,837,9,129460,16,3866624,24,1572864,16,24,0,0,,9,4870,216,5.0,ok,600,1,65536,1,65536,2252,5,2818048,1,65536,2009,10,983040,22,1441792,0,0,0,0,0,9,0,0,0,0,773,248,82,0
segdup,AMY1,GRCh38#0#chr1,103720000,103750000,30000,sampled,on,1000,contained,100000,65536,True,,1,4496,2657,12964403,31,4915200,24,1572864,31,24,85900,215509,,,8988,468,9.2,ok,646,1,65536,1,65536,2133,5,2818048,1,65536,2876,19,1638400,0,0,3172,6,393216,22,1441792,161,0,0,0,0,,,,
segdup,AMY1,GRCh38#0#chr1,103720000,103750000,30000,keep1,on,1000,contained,100000,65536,True,,1,2466,8,192609,32,5242880,34,2228224,32,34,0,0,,8,7360,220,7.5,ok,652,1,65536,1,65536,2018,5,2818048,1,65536,4665,26,2359296,32,2097152,0,0,0,0,0,25,0,0,0,0,784,985,491,0
segdup,AMY1,GRCh38#0#chr1,103720000,103750000,30000,keep8,on,1000,contained,100000,65536,True,,1,3035,34,367108,35,5439488,35,2293760,35,35,0,0,,34,7879,235,8.0,ok,690,1,65536,1,65536,2071,5,2818048,1,65536,5092,29,2555904,33,2162688,0,0,0,0,0,26,0,0,0,0,823,1211,499,54
segdup,LPA KIV-2,GRCh38#0#chr6,160616000,160646000,30000,sampled,on,1000,contained,100000,65536,True,,1,21721,465,45469420,14,4521984,11,720896,14,11,0,0,,,6044,619,6.2,ok,736,1,65536,1,65536,2021,5,2818048,1,65536,2227,8,1638400,0,0,498,0,0,9,589824,562,0,0,0,0,,,,
segdup,LPA KIV-2,GRCh38#0#chr6,160616000,160646000,30000,keep1,on,1000,contained,100000,65536,True,,1,12681,3,922350,16,5505024,27,1769472,16,27,0,0,,3,5627,330,5.8,ok,609,1,65536,1,65536,2223,5,2818048,1,65536,2701,10,2621440,25,1638400,0,0,0,0,0,94,0,0,0,0,686,248,245,0
segdup,LPA KIV-2,GRCh38#0#chr6,160616000,160646000,30000,keep8,on,1000,contained,100000,65536,True,,1,15808,9,1558161,16,5505024,27,1769472,16,27,0,0,,9,5863,322,6.0,ok,600,1,65536,1,65536,2205,5,2818048,1,65536,2925,10,2621440,25,1638400,0,0,0,0,0,133,0,0,0,0,666,470,380,1
segdup,SMN1/SMN2,GRCh38#0#chr5,70924000,70954000,30000,sampled,on,1000,contained,100000,65536,True,,1,685,97,491546,14,3407872,7,458752,14,7,0,0,,,4055,166,4.2,ok,637,1,65536,1,65536,2001,5,2818048,1,65536,1068,8,524288,0,0,326,0,0,5,327680,24,0,0,0,0,,,,
segdup,SMN1/SMN2,GRCh38#0#chr5,70924000,70954000,30000,keep1,on,1000,contained,100000,65536,True,,1,478,2,63610,16,3997696,21,1376256,16,21,0,0,,2,4808,169,5.0,ok,697,1,65536,1,65536,1991,5,2818048,1,65536,2108,10,1114112,19,1245184,0,0,0,0,0,12,0,0,0,0,765,165,6,0
segdup,SMN1/SMN2,GRCh38#0#chr5,70924000,70954000,30000,keep8,on,1000,contained,100000,65536,True,,1,515,3,70733,20,4259840,21,1376256,20,21,0,0,,3,5277,193,5.4,ok,636,1,65536,1,65536,2119,5,2818048,1,65536,2514,14,1376256,19,1245184,0,0,0,0,0,8,0,0,0,0,815,689,6,0
segdup,C4A/C4B,GRCh38#0#chr6,31985000,32015000,30000,sampled,on,1000,contained,100000,65536,True,,1,3147,464,5018348,15,3538944,10,655360,15,10,0,0,,,4801,232,4.9,ok,726,1,65536,1,65536,2220,5,2818048,1,65536,1319,9,655360,0,0,425,0,0,8,524288,110,0,0,0,0,,,,
segdup,C4A/C4B,GRCh38#0#chr6,31985000,32015000,30000,keep1,on,1000,contained,100000,65536,True,,1,1682,3,180951,18,3866624,21,1376256,18,21,0,0,,3,4899,212,5.0,ok,612,1,65536,1,65536,1927,5,2818048,1,65536,2342,12,983040,19,1245184,0,0,0,0,0,18,0,0,0,0,635,169,85,0
segdup,C4A/C4B,GRCh38#0#chr6,31985000,32015000,30000,keep8,on,1000,contained,100000,65536,True,,1,2252,9,305014,18,3866624,21,1376256,18,21,0,0,,9,4907,212,5.0,ok,670,1,65536,1,65536,1955,5,2818048,1,65536,2257,12,983040,19,1245184,0,0,0,0,0,25,0,0,0,0,667,243,116,0
unplaced,chr1_KI270706v1_random,GRCh38#0#chr1_KI270706v1_random,20000,50000,30000,sampled,on,1000,contained,100000,65536,True,,1,32,1,34545,13,3342336,7,458752,13,7,0,0,,,3799,160,3.9,ok,588,1,65536,1,65536,2088,5,2818048,1,65536,833,7,458752,0,0,285,0,0,5,327680,5,0,0,0,0,,,,
unplaced,chr1_KI270706v1_random,GRCh38#0#chr1_KI270706v1_random,20000,50000,30000,keep1,on,1000,contained,100000,65536,True,,1,32,1,34545,13,3342336,15,983040,13,15,0,0,,1,4097,168,4.2,ok,655,1,65536,1,65536,2005,5,2818048,1,65536,1430,7,458752,13,851968,0,0,0,0,0,6,0,0,0,0,578,0,0,0
unplaced,chr1_KI270706v1_random,GRCh38#0#chr1_KI270706v1_random,20000,50000,30000,keep8,on,1000,contained,100000,65536,True,,1,32,1,34545,13,3342336,15,983040,13,15,0,0,,1,4303,168,4.4,ok,640,1,65536,1,65536,1949,5,2818048,1,65536,1709,7,458752,13,851968,0,0,0,0,0,4,0,0,0,0,708,0,0,0
unplaced,chrUn_GL000220v1,GRCh38#0#chrUn_GL000220v1,20000,50000,30000,sampled,on,1000,contained,100000,65536,True,,1,32,1,34539,12,3276800,6,393216,12,6,0,0,,,3831,164,4.0,ok,639,1,65536,1,65536,2115,5,2818048,1,65536,789,6,393216,0,0,284,0,0,4,262144,4,0,0,0,0,,,,
unplaced,chrUn_GL000220v1,GRCh38#0#chrUn_GL000220v1,20000,50000,30000,keep1,on,1000,contained,100000,65536,True,,1,32,1,34539,12,3276800,14,917504,12,14,0,0,,1,4198,168,4.4,ok,760,1,65536,1,65536,2073,5,2818048,1,65536,1360,6,393216,12,786432,0,0,0,0,0,6,0,0,0,0,558,0,0,0
unplaced,chrUn_GL000220v1,GRCh38#0#chrUn_GL000220v1,20000,50000,30000,keep8,on,1000,contained,100000,65536,True,,1,32,1,34539,12,3276800,14,917504,12,14,0,0,,1,4136,165,4.3,ok,668,1,65536,1,65536,2148,5,2818048,1,65536,1315,6,393216,12,786432,0,0,0,0,0,5,0,0,0,0,543,0,0,0
unplaced,chr14_GL000225v1_random,GRCh38#0#chr14_GL000225v1_random,20000,50000,30000,sampled,on,1000,contained,100000,65536,True,,1,32,1,34546,12,3276800,7,458752,12,7,0,0,,,3672,171,3.8,ok,598,1,65536,1,65536,1977,5,2818048,1,65536,780,6,393216,0,0,313,0,0,5,327680,5,0,0,0,0,,,,
unplaced,chr14_GL000225v1_random,GRCh38#0#chr14_GL000225v1_random,20000,50000,30000,keep1,on,1000,contained,100000,65536,True,,1,32,1,34546,12,3276800,14,917504,12,14,0,0,,1,3806,169,3.9,ok,627,1,65536,1,65536,1911,5,2818048,1,65536,1262,6,393216,12,786432,0,0,0,0,0,6,0,0,0,0,514,0,0,0
unplaced,chr14_GL000225v1_random,GRCh38#0#chr14_GL000225v1_random,20000,50000,30000,keep8,on,1000,contained,100000,65536,True,,1,32,1,34546,12,3276800,14,917504,12,14,0,0,,1,3963,168,4.1,ok,594,1,65536,1,65536,2104,5,2818048,1,65536,1259,6,393216,12,786432,0,0,0,0,0,7,0,0,0,0,533,0,0,0
random-chr6,chr6-0,GRCh38#0#chr6,118832865,118932865,100000,sampled,on,1000,contained,100000,65536,True,,1,4354,465,13582965,14,3670016,12,786432,14,12,0,0,,,5122,325,5.3,ok,620,1,65536,1,65536,2307,5,2818048,1,65536,1303,8,786432,0,0,754,0,0,10,655360,139,0,0,0,0,,,,
random-chr6,chr6-0,GRCh38#0#chr6,118832865,118932865,100000,keep1,on,1000,contained,100000,65536,True,,1,2987,3,322091,16,4194304,23,1507328,16,23,0,0,,3,5104,216,5.3,ok,591,1,65536,1,65536,2129,5,2818048,1,65536,2356,10,1310720,21,1376256,0,0,0,0,0,28,0,0,0,0,863,221,191,1
random-chr6,chr6-0,GRCh38#0#chr6,118832865,118932865,100000,keep8,on,1000,contained,100000,65536,True,,1,3076,9,499698,16,4194304,23,1507328,16,23,0,0,,9,5242,224,5.4,ok,636,1,65536,1,65536,2089,5,2818048,1,65536,2475,10,1310720,21,1376256,0,0,0,0,0,43,0,0,0,0,820,266,269,0
random-chr6,chr6-1,GRCh38#0#chr6,137479697,137579697,100000,sampled,on,1000,contained,100000,65536,True,,1,4474,464,14144144,14,3538944,12,786432,14,12,0,0,,,5007,339,5.2,ok,678,1,65536,1,65536,2261,5,2818048,1,65536,1229,8,655360,0,0,630,0,0,10,655360,209,0,0,0,0,,,,
random-chr6,chr6-1,GRCh38#0#chr6,137479697,137579697,100000,keep1,on,1000,contained,100000,65536,True,,1,3224,3,338143,17,4390912,26,1703936,17,26,0,0,,3,5195,225,5.4,ok,607,1,65536,1,65536,2018,5,2818048,1,65536,2529,11,1507328,24,1572864,0,0,0,0,0,41,0,0,0,0,1038,259,207,0
random-chr6,chr6-1,GRCh38#0#chr6,137479697,137579697,100000,keep8,on,1000,contained,100000,65536,True,,1,3318,9,523611,17,4390912,26,1703936,17,26,0,0,,9,5361,216,5.5,ok,634,1,65536,1,65536,2107,5,2818048,1,65536,2589,11,1507328,24,1572864,0,0,0,0,0,31,0,0,0,0,1025,303,245,1
random-chr6,chr6-2,GRCh38#0#chr6,29972577,30072577,100000,sampled,on,1000,contained,100000,65536,True,,1,6196,464,18306554,15,3866624,11,720896,15,11,0,0,,,5237,392,5.4,ok,726,1,65536,1,65536,1975,5,2818048,1,65536,1640,9,983040,0,0,733,0,0,9,589824,163,0,0,0,0,,,,
random-chr6,chr6-2,GRCh38#0#chr6,29972577,30072577,100000,keep1,on,1000,contained,100000,65536,True,,1,4502,3,432201,20,5111808,25,1638400,20,25,0,0,,3,5415,227,5.5,ok,602,1,65536,1,65536,2001,5,2818048,1,65536,2776,14,2228224,23,1507328,0,0,0,0,0,36,0,0,0,0,722,517,250,1
random-chr6,chr6-2,GRCh38#0#chr6,29972577,30072577,100000,keep8,on,1000,contained,100000,65536,True,,1,4915,9,751908,20,5111808,25,1638400,20,25,0,0,,9,5996,262,6.1,ok,640,1,65536,1,65536,2128,5,2818048,1,65536,3182,14,2228224,23,1507328,0,0,0,0,0,45,0,0,0,0,860,835,261,0
random-chr6,chr6-3,GRCh38#0#chr6,44942426,45042426,100000,sampled,on,1000,contained,100000,65536,True,,1,3992,464,12756586,13,3604480,12,786432,13,12,0,0,,,4787,329,4.9,ok,587,1,65536,1,65536,2166,5,2818048,1,65536,1241,7,720896,0,0,632,0,0,10,655360,161,0,0,0,0,,,,
random-chr6,chr6-3,GRCh38#0#chr6,44942426,45042426,100000,keep1,on,1000,contained,100000,65536,True,,1,2832,3,311293,16,4259840,28,1835008,16,28,0,0,,3,5323,215,5.5,ok,624,1,65536,1,65536,2143,5,2818048,1,65536,2530,10,1376256,26,1703936,0,0,0,0,0,25,0,0,0,0,1075,231,240,0
random-chr6,chr6-3,GRCh38#0#chr6,44942426,45042426,100000,keep8,on,1000,contained,100000,65536,True,,1,2943,9,480165,16,4259840,28,1835008,16,28,0,0,,9,5453,223,5.6,ok,650,1,65536,1,65536,2216,5,2818048,1,65536,2549,10,1376256,26,1703936,0,0,0,0,0,38,0,0,0,0,1016,297,302,0
random-chr6,chr6-4,GRCh38#0#chr6,140838340,140938340,100000,sampled,on,1000,contained,100000,65536,True,,1,3564,465,11299989,14,3604480,11,720896,14,11,0,0,,,4981,311,5.1,ok,620,1,65536,1,65536,2267,5,2818048,1,65536,1450,8,720896,0,0,515,0,0,9,589824,129,0,0,0,0,,,,
random-chr6,chr6-4,GRCh38#0#chr6,140838340,140938340,100000,keep1,on,1000,contained,100000,65536,True,,1,2536,3,288832,17,4259840,25,1638400,17,25,0,0,,3,5403,217,5.6,ok,681,1,65536,1,65536,2200,5,2818048,1,65536,2501,11,1376256,23,1507328,0,0,0,0,0,21,0,0,0,0,908,275,157,0
random-chr6,chr6-4,GRCh38#0#chr6,140838340,140938340,100000,keep8,on,1000,contained,100000,65536,True,,1,2655,9,439879,17,4259840,25,1638400,17,25,0,0,,9,5242,219,5.4,ok,739,1,65536,1,65536,2046,5,2818048,1,65536,2425,11,1376256,23,1507328,0,0,0,0,0,31,0,0,0,0,886,252,176,1
random-chr6,chr6-5,GRCh38#0#chr6,106563611,106663611,100000,sampled,on,1000,contained,100000,65536,True,,1,4722,464,14874318,13,3604480,11,720896,13,11,0,0,,,4696,364,4.9,ok,666,1,65536,1,65536,1992,5,2818048,1,65536,1317,7,720896,0,0,601,0,0,9,589824,120,0,0,0,0,,,,
random-chr6,chr6-5,GRCh38#0#chr6,106563611,106663611,100000,keep1,on,1000,contained,100000,65536,True,,1,3407,3,354177,15,3866624,28,1835008,15,28,0,0,,3,4980,221,5.1,ok,728,1,65536,1,65536,2054,5,2818048,1,65536,2170,9,983040,26,1703936,0,0,0,0,0,29,0,0,0,0,729,180,199,0
random-chr6,chr6-5,GRCh38#0#chr6,106563611,106663611,100000,keep8,on,1000,contained,100000,65536,True,,1,3586,9,555322,15,3866624,28,1835008,15,28,0,0,,9,4967,230,5.1,ok,644,1,65536,1,65536,2048,5,2818048,1,65536,2231,9,983040,26,1703936,0,0,0,0,0,44,0,0,0,0,765,223,237,1
random-chr6,chr6-6,GRCh38#0#chr6,100461421,100561421,100000,sampled,on,1000,contained,100000,65536,True,,1,3171,465,10118224,13,3538944,12,786432,13,12,0,0,,,4558,303,4.7,ok,635,1,65536,1,65536,2039,5,2818048,1,65536,1103,7,655360,0,0,667,0,0,10,655360,113,0,0,0,0,,,,
random-chr6,chr6-6,GRCh38#0#chr6,100461421,100561421,100000,keep1,on,1000,contained,100000,65536,True,,1,2205,3,264409,16,4063232,26,1703936,16,26,0,0,,3,4886,210,5.0,ok,595,1,65536,1,65536,2095,5,2818048,1,65536,2172,10,1179648,24,1572864,0,0,0,0,0,24,0,0,0,0,868,175,190,1
random-chr6,chr6-6,GRCh38#0#chr6,100461421,100561421,100000,keep8,on,1000,contained,100000,65536,True,,1,2247,9,394796,16,4063232,26,1703936,16,26,0,0,,9,5193,217,5.3,ok,590,1,65536,1,65536,2245,5,2818048,1,65536,2341,10,1179648,24,1572864,0,0,0,0,0,17,0,0,0,0,968,232,212,0
random-chr6,chr6-7,GRCh38#0#chr6,132451103,132551103,100000,sampled,on,1000,contained,100000,65536,True,,1,4215,464,13236450,13,3538944,11,720896,13,11,0,0,,,4547,331,4.7,ok,620,1,65536,1,65536,2076,5,2818048,1,65536,1174,7,655360,0,0,556,0,0,9,589824,121,0,0,0,0,,,,
random-chr6,chr6-7,GRCh38#0#chr6,132451103,132551103,100000,keep1,on,1000,contained,100000,65536,True,,1,2921,3,317319,17,4325376,25,1638400,17,25,0,0,,3,5430,221,5.6,ok,660,1,65536,1,65536,1812,5,2818048,1,65536,2932,11,1441792,23,1507328,0,0,0,0,0,25,0,0,0,0,942,748,219,0
random-chr6,chr6-7,GRCh38#0#chr6,132451103,132551103,100000,keep8,on,1000,contained,100000,65536,True,,1,3141,9,500114,17,4325376,25,1638400,17,25,0,0,,9,5499,224,5.7,ok,649,1,65536,1,65536,1944,5,2818048,1,65536,2878,11,1441792,23,1507328,0,0,0,0,0,27,0,0,0,0,865,871,206,1
random-chr6,chr6-8,GRCh38#0#chr6,8938968,9038968,100000,sampled,on,1000,contained,100000,65536,True,,1,4229,465,13235028,14,3670016,10,655360,14,10,0,0,,,4896,325,5.1,ok,644,1,65536,1,65536,2249,5,2818048,1,65536,1308,8,786432,0,0,568,0,0,8,524288,127,0,0,0,0,,,,
random-chr6,chr6-8,GRCh38#0#chr6,8938968,9038968,100000,keep1,on,1000,contained,100000,65536,True,,1,2987,3,322429,17,4390912,27,1769472,17,27,0,0,,3,5432,218,5.6,ok,706,1,65536,1,65536,2149,5,2818048,1,65536,2550,11,1507328,25,1638400,0,0,0,0,0,27,0,0,0,0,993,227,175,0
random-chr6,chr6-8,GRCh38#0#chr6,8938968,9038968,100000,keep8,on,1000,contained,100000,65536,True,,1,3164,9,502239,17,4390912,27,1769472,17,27,0,0,,9,5522,211,5.7,ok,659,1,65536,1,65536,2117,5,2818048,1,65536,2695,11,1507328,25,1638400,0,0,0,0,0,49,0,0,0,0,1021,343,233,1
random-chr6,chr6-9,GRCh38#0#chr6,126982166,127082166,100000,sampled,on,1000,contained,100000,65536,True,,1,3104,464,9673515,13,3538944,12,786432,13,12,0,0,,,4516,264,4.6,ok,720,1,65536,1,65536,1973,5,2818048,1,65536,1078,7,655360,0,0,634,0,0,10,655360,111,0,0,0,0,,,,
random-chr6,chr6-9,GRCh38#0#chr6,126982166,127082166,100000,keep1,on,1000,contained,100000,65536,True,,1,2101,3,256862,17,4194304,25,1638400,17,25,0,0,,3,5274,215,5.4,ok,616,1,65536,1,65536,2238,5,2818048,1,65536,2400,11,1310720,23,1507328,0,0,0,0,0,19,0,0,0,0,977,244,180,0
random-chr6,chr6-9,GRCh38#0#chr6,126982166,127082166,100000,keep8,on,1000,contained,100000,65536,True,,1,2178,9,384598,17,4194304,25,1638400,17,25,0,0,,9,5364,214,5.5,ok,642,1,65536,1,65536,2000,5,2818048,1,65536,2701,11,1310720,23,1507328,0,0,0,0,0,21,0,0,0,0,1017,275,212,0
random-chr1,chr1-0,GRCh38#0#chr1,12673530,12773530,100000,sampled,on,1000,contained,100000,65536,True,,1,4766,466,13437392,15,3735552,12,786432,15,12,0,0,,,5116,345,5.3,ok,630,1,65536,1,65536,2019,5,2818048,1,65536,1662,9,851968,0,0,642,0,0,10,655360,163,0,0,0,0,,,,
random-chr1,chr1-0,GRCh38#0#chr1,12673530,12773530,100000,keep1,on,1000,contained,100000,65536,True,,1,3215,3,318899,17,4194304,26,1703936,17,26,0,0,,3,5287,217,5.4,ok,649,1,65536,1,65536,2048,5,2818048,1,65536,2560,11,1310720,24,1572864,0,0,0,0,0,29,0,0,0,0,864,179,153,0
random-chr1,chr1-0,GRCh38#0#chr1,12673530,12773530,100000,keep8,on,1000,contained,100000,65536,True,,1,3543,9,509733,17,4194304,26,1703936,17,26,0,0,,9,5235,222,5.4,ok,622,1,65536,1,65536,1951,5,2818048,1,65536,2631,11,1310720,24,1572864,0,0,0,0,0,31,0,0,0,0,851,296,198,0
random-chr1,chr1-1,GRCh38#0#chr1,83820237,83920237,100000,sampled,on,1000,contained,100000,65536,True,,1,3929,464,9897680,13,3538944,12,786432,13,12,0,0,,,4836,342,5.0,ok,639,1,65536,1,65536,2116,5,2818048,1,65536,1333,7,655360,0,0,620,0,0,10,655360,128,0,0,0,0,,,,
random-chr1,chr1-1,GRCh38#0#chr1,83820237,83920237,100000,keep1,on,1000,contained,100000,65536,True,,1,2739,3,271209,17,4128768,27,1769472,17,27,0,0,,3,5406,221,5.5,ok,655,1,65536,1,65536,1964,5,2818048,1,65536,2759,11,1245184,25,1638400,0,0,0,0,0,28,0,0,0,0,922,567,253,1
random-chr1,chr1-1,GRCh38#0#chr1,83820237,83920237,100000,keep8,on,1000,contained,100000,65536,True,,1,2886,9,404474,17,4128768,27,1769472,17,27,0,0,,9,5955,219,6.1,ok,683,1,65536,1,65536,2197,5,2818048,1,65536,3052,11,1245184,25,1638400,0,0,0,0,0,22,0,0,0,0,1074,770,247,0
random-chr17,chr17-0,GRCh38#0#chr17,80615772,80715772,100000,sampled,on,1000,contained,100000,65536,True,,1,37683,464,68849495,41,5373952,23,1507328,41,23,0,0,,,11308,891,11.5,ok,670,1,65536,1,65536,2147,5,2818048,1,65536,6234,35,2490368,0,0,1392,0,0,21,1376256,865,0,0,0,0,,,,
random-chr17,chr17-0,GRCh38#0#chr17,80615772,80715772,100000,keep1,on,1000,contained,100000,65536,True,,1,16302,3,1495479,42,5505024,35,2293760,42,35,0,0,,3,9747,362,9.9,ok,765,1,65536,1,65536,2259,5,2818048,1,65536,6618,36,2621440,33,2162688,0,0,0,0,0,105,0,0,0,0,846,191,693,0
random-chr17,chr17-0,GRCh38#0#chr17,80615772,80715772,100000,keep8,on,1000,contained,100000,65536,True,,1,22810,9,2697962,42,5505024,35,2293760,42,35,0,0,,9,10016,380,10.2,ok,703,1,65536,1,65536,2067,5,2818048,1,65536,6993,36,2621440,33,2162688,0,0,0,0,0,253,0,0,0,0,878,339,851,1
random-chr17,chr17-1,GRCh38#0#chr17,78601456,78701456,100000,sampled,on,1000,contained,100000,65536,True,,1,4955,464,13989005,14,3538944,12,786432,14,12,0,0,,,4916,372,5.1,ok,728,1,65536,1,65536,2052,5,2818048,1,65536,1425,8,655360,0,0,563,0,0,10,655360,146,0,0,0,0,,,,
random-chr17,chr17-1,GRCh38#0#chr17,78601456,78701456,100000,keep1,on,1000,contained,100000,65536,True,,1,3444,3,336070,17,4456448,26,1703936,17,26,0,0,,3,6668,217,6.8,ok,639,1,65536,1,65536,3701,5,2818048,1,65536,2298,11,1572864,24,1572864,0,0,0,0,0,30,0,0,0,0,763,233,319,1
random-chr17,chr17-1,GRCh38#0#chr17,78601456,78701456,100000,keep8,on,1000,contained,100000,65536,True,,1,3687,9,529489,17,4456448,26,1703936,17,26,0,0,,9,5169,229,5.3,ok,717,1,65536,1,65536,2063,5,2818048,1,65536,2356,11,1572864,24,1572864,0,0,0,0,0,33,0,0,0,0,810,291,278,0
segdup,AMY1,GRCh38#0#chr1,103685000,103785000,100000,sampled,on,1000,contained,100000,65536,True,,1,12564,1271,34818703,28,5111808,25,1638400,28,25,2436,7270,,,8184,506,8.3,ok,633,1,65536,1,65536,2065,5,2818048,1,65536,3647,19,2031616,0,0,1505,3,196608,23,1507328,333,0,0,0,0,,,,
segdup,AMY1,GRCh38#0#chr1,103685000,103785000,100000,keep1,on,1000,contained,100000,65536,True,,1,8134,5,577747,31,5767168,38,2490368,31,38,0,0,,5,7603,302,7.8,ok,621,1,65536,1,65536,2043,5,2818048,1,65536,4888,25,2883584,36,2359296,0,0,0,0,0,51,0,0,0,0,925,768,644,0
segdup,AMY1,GRCh38#0#chr1,103685000,103785000,100000,keep8,on,1000,contained,100000,65536,True,,1,8487,21,931680,34,5963776,38,2490368,34,38,0,0,,21,8125,315,8.3,ok,609,1,65536,1,65536,2093,5,2818048,1,65536,5341,28,3080192,36,2359296,0,0,0,0,0,82,0,0,0,0,875,1273,677,1
segdup,LPA KIV-2,GRCh38#0#chr6,160581000,160681000,100000,sampled,on,1000,contained,100000,65536,True,,1,26168,465,59294309,16,4784128,14,917504,16,14,0,0,,,7234,732,7.4,ok,615,1,65536,1,65536,2286,5,2818048,1,65536,3027,10,1900544,0,0,710,0,0,12,786432,595,0,0,0,0,,,,
segdup,LPA KIV-2,GRCh38#0#chr6,160581000,160681000,100000,keep1,on,1000,contained,100000,65536,True,,1,15825,3,1222348,18,5505024,31,2031616,18,31,0,0,,3,5987,327,6.2,ok,639,1,65536,1,65536,2104,5,2818048,1,65536,3148,12,2621440,29,1900544,0,0,0,0,0,95,0,0,0,0,856,266,362,0
segdup,LPA KIV-2,GRCh38#0#chr6,160581000,160681000,100000,keep8,on,1000,contained,100000,65536,True,,1,19020,9,2038639,18,5505024,31,2031616,18,31,0,0,,9,6407,353,6.6,ok,701,1,65536,1,65536,2160,5,2818048,1,65536,3379,12,2621440,29,1900544,0,0,0,0,0,167,0,0,0,0,813,455,486,1
segdup,SMN1/SMN2,GRCh38#0#chr5,70889000,70989000,100000,sampled,on,1000,contained,100000,65536,True,,1,2629,437,2295122,18,3997696,11,720896,18,11,2693,10719,,,5166,220,5.3,ok,673,1,65536,1,65536,2108,5,2818048,1,65536,1713,12,1114112,0,0,587,0,0,9,589824,85,0,0,0,0,,,,
segdup,SMN1/SMN2,GRCh38#0#chr5,70889000,70989000,100000,keep1,on,1000,contained,100000,65536,True,,1,1782,3,220868,21,4653056,22,1441792,21,22,0,0,,3,5320,213,5.5,ok,650,1,65536,1,65536,2106,5,2818048,1,65536,2538,15,1769472,20,1310720,0,0,0,0,0,27,0,0,0,0,771,218,57,0
segdup,SMN1/SMN2,GRCh38#0#chr5,70889000,70989000,100000,keep8,on,1000,contained,100000,65536,True,,1,2022,17,276687,22,4718592,22,1441792,22,22,0,0,,17,6495,213,6.6,ok,663,1,65536,1,65536,2194,5,2818048,1,65536,3623,16,1835008,20,1310720,0,0,0,0,0,15,0,0,0,0,666,409,55,147
segdup,C4A/C4B,GRCh38#0#chr6,31950000,32050000,100000,sampled,on,1000,contained,100000,65536,True,,1,5271,464,11789927,13,3670016,13,851968,13,13,0,0,,,4782,318,4.9,ok,641,1,65536,1,65536,2199,5,2818048,1,65536,1263,7,786432,0,0,570,0,0,11,720896,109,0,0,0,0,,,,
segdup,C4A/C4B,GRCh38#0#chr6,31950000,32050000,100000,keep1,on,1000,contained,100000,65536,True,,1,3166,3,344937,16,4325376,23,1507328,16,23,0,0,,3,4935,223,5.1,ok,708,1,65536,1,65536,2014,5,2818048,1,65536,2194,10,1441792,21,1376256,0,0,0,0,0,19,0,0,0,0,851,216,173,0
segdup,C4A/C4B,GRCh38#0#chr6,31950000,32050000,100000,keep8,on,1000,contained,100000,65536,True,,1,3813,9,559955,16,4325376,23,1507328,16,23,0,0,,9,5013,217,5.2,ok,670,1,65536,1,65536,2016,5,2818048,1,65536,2295,10,1441792,21,1376256,0,0,0,0,0,31,0,0,0,0,808,243,233,0
unplaced,chr1_KI270706v1_random,GRCh38#0#chr1_KI270706v1_random,20000,120000,100000,sampled,on,1000,contained,100000,65536,True,,1,101,1,108790,14,3407872,7,458752,14,7,0,0,,,4073,163,4.2,ok,621,1,65536,1,65536,2088,5,2818048,1,65536,1090,8,524288,0,0,268,0,0,5,327680,6,0,0,0,0,,,,
unplaced,chr1_KI270706v1_random,GRCh38#0#chr1_KI270706v1_random,20000,120000,100000,keep1,on,1000,contained,100000,65536,True,,1,101,1,108790,14,3407872,15,983040,14,15,0,0,,1,4149,171,4.3,ok,667,1,65536,1,65536,1956,5,2818048,1,65536,1518,8,524288,13,851968,0,0,0,0,0,8,0,0,0,0,535,0,0,0
unplaced,chr1_KI270706v1_random,GRCh38#0#chr1_KI270706v1_random,20000,120000,100000,keep8,on,1000,contained,100000,65536,True,,1,101,1,108790,14,3407872,15,983040,14,15,0,0,,1,4398,171,4.5,ok,684,1,65536,1,65536,2092,5,2818048,1,65536,1611,8,524288,13,851968,0,0,0,0,0,10,0,0,0,0,623,0,0,0
unplaced,chrUn_GL000220v1,GRCh38#0#chrUn_GL000220v1,20000,120000,100000,sampled,on,1000,contained,100000,65536,True,,1,717,47,213238,24,10420224,7,458752,24,7,2,154,,,5334,178,5.5,ok,618,1,65536,1,65536,2025,5,2818048,1,65536,2342,18,7536640,0,0,335,0,0,5,327680,14,0,0,0,0,,,,
unplaced,chrUn_GL000220v1,GRCh38#0#chrUn_GL000220v1,20000,120000,100000,keep1,on,1000,contained,100000,65536,True,,1,193,1,113237,24,10420224,14,917504,24,14,0,0,,1,5613,179,5.8,ok,761,1,65536,1,65536,2041,5,2818048,1,65536,2804,18,7536640,12,786432,0,0,0,0,0,7,0,0,0,0,528,0,2,0
unplaced,chrUn_GL000220v1,GRCh38#0#chrUn_GL000220v1,20000,120000,100000,keep8,on,1000,contained,100000,65536,True,,1,193,1,113237,24,10420224,14,917504,24,14,0,0,,1,5512,178,5.7,ok,623,1,65536,1,65536,2113,5,2818048,1,65536,2770,18,7536640,12,786432,0,0,0,0,0,6,0,0,0,0,496,0,2,0
unplaced,chr14_GL000225v1_random,GRCh38#0#chr14_GL000225v1_random,20000,120000,100000,sampled,on,1000,contained,100000,65536,True,,1,101,1,108791,14,3407872,7,458752,14,7,0,0,,,3769,161,3.9,ok,616,1,65536,1,65536,1893,5,2818048,1,65536,959,8,524288,0,0,289,0,0,5,327680,11,0,0,0,0,,,,
unplaced,chr14_GL000225v1_random,GRCh38#0#chr14_GL000225v1_random,20000,120000,100000,keep1,on,1000,contained,100000,65536,True,,1,101,1,108791,14,3407872,14,917504,14,14,0,0,,1,4503,165,4.7,ok,649,1,65536,1,65536,1991,5,2818048,1,65536,1854,8,524288,12,786432,0,0,0,0,0,8,0,0,0,0,808,0,1,0
unplaced,chr14_GL000225v1_random,GRCh38#0#chr14_GL000225v1_random,20000,120000,100000,keep8,on,1000,contained,100000,65536,True,,1,101,1,108791,14,3407872,14,917504,14,14,0,0,,1,4439,166,4.6,ok,626,1,65536,1,65536,1991,5,2818048,1,65536,1812,8,524288,12,786432,0,0,0,0,0,9,0,0,0,0,800,0,1,1
random-chr6,chr6-0,GRCh38#0#chr6,164057895,164058895,1000,sampled,off,1000,contained,100000,65536,True,,1,164,464,537913,51,3342336,8,524288,51,8,0,0,,,8160,165,8.5,ok,667,1,65536,1,65536,6173,43,2818048,1,65536,915,7,458752,0,0,393,0,0,6,393216,12,0,0,0,0,,,,
random-chr6,chr6-0,GRCh38#0#chr6,164057895,164058895,1000,keep1,off,1000,contained,100000,65536,True,,1,116,3,11708,61,3997696,21,1376256,61,21,0,0,,3,10001,167,10.4,ok,619,1,65536,1,65536,6322,43,2818048,1,65536,3056,17,1114112,19,1245184,0,0,0,0,0,4,0,0,0,0,817,1277,77,0
random-chr6,chr6-0,GRCh38#0#chr6,164057895,164058895,1000,keep8,off,1000,contained,100000,65536,True,,1,128,9,19406,62,4063232,21,1376256,62,21,0,0,,9,10232,208,10.5,ok,663,1,65536,1,65536,6417,43,2818048,1,65536,3146,18,1179648,19,1245184,0,0,0,0,0,5,0,0,0,0,776,1409,77,1
random-chr6,chr6-1,GRCh38#0#chr6,1565338,1566338,1000,sampled,off,1000,contained,100000,65536,True,,1,114,464,386981,51,3342336,8,524288,51,8,49862,49862,,,8714,216,9.0,ok,633,1,65536,1,65536,6176,43,2818048,1,65536,768,6,393216,0,0,1129,1,65536,6,393216,7,0,0,0,0,,,,
random-chr6,chr6-1,GRCh38#0#chr6,1565338,1566338,1000,keep1,off,1000,contained,100000,65536,True,,1,78,3,9070,69,4521984,22,1441792,69,22,0,0,,3,10847,206,11.2,ok,679,1,65536,1,65536,6241,43,2818048,1,65536,3922,25,1638400,20,1310720,0,0,0,0,0,5,0,0,0,0,827,2387,1,0
random-chr6,chr6-1,GRCh38#0#chr6,1565338,1566338,1000,keep8,off,1000,contained,100000,65536,True,,1,82,9,14292,69,4521984,22,1441792,69,22,0,0,,9,11040,210,11.4,ok,645,1,65536,1,65536,6323,43,2818048,1,65536,4068,25,1638400,20,1310720,0,0,0,0,0,3,0,0,0,0,752,2558,1,0
random-chr6,chr6-2,GRCh38#0#chr6,120557714,120558714,1000,sampled,off,1000,contained,100000,65536,True,,1,115,464,396842,51,3342336,8,524288,51,8,0,0,,,8322,166,8.7,ok,691,1,65536,1,65536,6294,43,2818048,1,65536,911,7,458752,0,0,415,0,0,6,393216,11,0,0,0,0,,,,
random-chr6,chr6-2,GRCh38#0#chr6,120557714,120558714,1000,keep1,off,1000,contained,100000,65536,True,,1,86,3,9593,62,4063232,22,1441792,62,22,0,0,,3,10097,207,10.5,ok,637,1,65536,1,65536,6318,43,2818048,1,65536,3137,18,1179648,20,1310720,0,0,0,0,0,4,0,0,0,0,838,1375,38,0
random-chr6,chr6-2,GRCh38#0#chr6,120557714,120558714,1000,keep8,off,1000,contained,100000,65536,True,,1,85,9,14563,62,4063232,22,1441792,62,22,0,0,,9,9957,206,10.3,ok,679,1,65536,1,65536,6162,43,2818048,1,65536,3112,18,1179648,20,1310720,0,0,0,0,0,4,0,0,0,0,814,1404,37,0
random-chr6,chr6-3,GRCh38#0#chr6,72492564,72493564,1000,sampled,off,1000,contained,100000,65536,True,,1,225,466,732550,49,3211264,8,524288,49,8,62153,62153,,,8753,231,9.1,ok,624,1,65536,1,65536,6316,43,2818048,1,65536,653,5,327680,0,0,1151,0,0,6,393216,9,0,0,0,0,,,,
random-chr6,chr6-3,GRCh38#0#chr6,72492564,72493564,1000,keep1,off,1000,contained,100000,65536,True,,1,171,3,15585,56,3670016,24,1572864,56,24,0,0,,3,9505,167,9.8,ok,655,1,65536,1,65536,6365,43,2818048,1,65536,2481,12,786432,22,1441792,0,0,0,0,0,4,0,0,0,0,865,961,0,0
random-chr6,chr6-3,GRCh38#0#chr6,72492564,72493564,1000,keep8,off,1000,contained,100000,65536,True,,1,174,9,25057,56,3670016,24,1572864,56,24,0,0,,9,9311,206,9.6,ok,680,1,65536,1,65536,6185,43,2818048,1,65536,2443,12,786432,22,1441792,0,0,0,0,0,4,0,0,0,0,831,945,0,0
random-chr6,chr6-4,GRCh38#0#chr6,159686540,159687540,1000,sampled,off,1000,contained,100000,65536,True,,1,97,464,335544,51,3342336,7,458752,51,7,95636,95636,,,9381,288,9.7,ok,661,1,65536,1,65536,6318,43,2818048,1,65536,775,6,393216,0,0,1620,1,65536,5,327680,7,0,0,0,0,,,,
random-chr6,chr6-4,GRCh38#0#chr6,159686540,159687540,1000,keep1,off,1000,contained,100000,65536,True,,1,70,3,8953,63,4128768,21,1376256,63,21,0,0,,3,10106,176,10.4,ok,707,1,65536,1,65536,6353,43,2818048,1,65536,3042,19,1245184,19,1245184,0,0,0,0,0,3,0,0,0,0,659,1614,39,0
random-chr6,chr6-4,GRCh38#0#chr6,159686540,159687540,1000,keep8,off,1000,contained,100000,65536,True,,1,75,9,13611,64,4194304,21,1376256,64,21,0,0,,9,9673,211,9.9,ok,605,1,65536,1,65536,5887,43,2818048,1,65536,3175,20,1310720,19,1245184,0,0,0,0,0,5,0,0,0,0,566,1853,36,1
random-chr6,chr6-5,GRCh38#0#chr6,28441393,28442393,1000,sampled,off,1000,contained,100000,65536,True,,1,86,464,299796,51,3342336,9,589824,51,9,0,0,,,8160,165,8.3,ok,607,1,65536,1,65536,6357,43,2818048,1,65536,844,7,458752,0,0,346,0,0,7,458752,6,0,0,0,0,,,,
random-chr6,chr6-5,GRCh38#0#chr6,28441393,28442393,1000,keep1,off,1000,contained,100000,65536,True,,1,60,3,7739,63,4128768,23,1507328,63,23,0,0,,3,9810,204,9.9,ok,699,1,65536,1,65536,6034,43,2818048,1,65536,3071,19,1245184,21,1376256,0,0,0,0,0,5,0,0,0,0,655,1545,47,1
random-chr6,chr6-5,GRCh38#0#chr6,28441393,28442393,1000,keep8,off,1000,contained,100000,65536,True,,1,60,9,11495,63,4128768,23,1507328,63,23,0,0,,9,9698,204,9.9,ok,631,1,65536,1,65536,5964,43,2818048,1,65536,3096,19,1245184,21,1376256,0,0,0,0,0,7,0,0,0,0,622,1595,51,1
random-chr6,chr6-6,GRCh38#0#chr6,86209369,86210369,1000,sampled,off,1000,contained,100000,65536,True,,1,186,464,597395,51,3342336,8,524288,51,8,68836,68836,,,8435,256,8.6,ok,628,1,65536,1,65536,5825,43,2818048,1,65536,933,7,458752,0,0,1039,0,0,6,393216,9,0,0,0,0,,,,
random-chr6,chr6-6,GRCh38#0#chr6,86209369,86210369,1000,keep1,off,1000,contained,100000,65536,True,,1,134,3,13553,60,3932160,20,1310720,60,20,0,0,,3,9194,174,9.4,ok,589,1,65536,1,65536,5945,43,2818048,1,65536,2642,16,1048576,18,1179648,0,0,0,0,0,18,0,0,0,0,580,1154,67,1
random-chr6,chr6-6,GRCh38#0#chr6,86209369,86210369,1000,keep8,off,1000,contained,100000,65536,True,,1,140,9,21521,60,3932160,20,1310720,60,20,0,0,,9,9253,211,9.4,ok,615,1,65536,1,65536,5849,43,2818048,1,65536,2776,16,1048576,18,1179648,0,0,0,0,0,12,0,0,0,0,596,1309,32,1
random-chr6,chr6-7,GRCh38#0#chr6,9211437,9212437,1000,sampled,off,1000,contained,100000,65536,True,,1,120,464,400281,50,3276800,7,458752,50,7,148796,148796,,,9215,276,9.4,ok,617,1,65536,1,65536,5867,43,2818048,1,65536,625,5,327680,0,0,2098,1,65536,5,327680,7,0,0,0,0,,,,
random-chr6,chr6-7,GRCh38#0#chr6,9211437,9212437,1000,keep1,off,1000,contained,100000,65536,True,,1,83,3,9487,58,3801088,23,1507328,58,23,0,0,,3,9213,172,9.3,ok,744,1,65536,1,65536,5932,43,2818048,1,65536,2533,14,917504,21,1376256,0,0,0,0,0,4,0,0,0,0,683,1179,32,0
random-chr6,chr6-7,GRCh38#0#chr6,9211437,9212437,1000,keep8,off,1000,contained,100000,65536,True,,1,89,9,15003,58,3801088,23,1507328,58,23,0,0,,9,9658,204,9.8,ok,700,1,65536,1,65536,6400,43,2818048,1,65536,2555,14,917504,21,1376256,0,0,0,0,0,4,0,0,0,0,651,1254,35,0
random-chr6,chr6-8,GRCh38#0#chr6,6992046,6993046,1000,sampled,off,1000,contained,100000,65536,True,,1,149,464,491457,51,3342336,7,458752,51,7,35528,35528,,,8229,204,8.4,ok,634,1,65536,1,65536,5854,43,2818048,1,65536,984,7,458752,0,0,745,0,0,5,327680,12,0,0,0,0,,,,
random-chr6,chr6-8,GRCh38#0#chr6,6992046,6993046,1000,keep1,off,1000,contained,100000,65536,True,,1,118,3,11944,61,3997696,20,1310720,61,20,0,0,,3,9608,171,9.7,ok,626,1,65536,1,65536,5803,43,2818048,1,65536,3175,17,1114112,18,1179648,0,0,0,0,0,3,0,0,0,0,626,1373,33,0
random-chr6,chr6-8,GRCh38#0#chr6,6992046,6993046,1000,keep8,off,1000,contained,100000,65536,True,,1,114,9,17870,61,3997696,20,1310720,61,20,0,0,,9,9393,207,9.5,ok,628,1,65536,1,65536,5871,43,2818048,1,65536,2888,17,1114112,18,1179648,0,0,0,0,0,6,0,0,0,0,687,1320,28,1
random-chr6,chr6-9,GRCh38#0#chr6,7830571,7831571,1000,sampled,off,1000,contained,100000,65536,True,,1,157,463,512478,52,3407872,8,524288,52,8,9399,9399,,,8056,210,8.2,ok,590,1,65536,1,65536,5927,43,2818048,1,65536,850,7,458752,0,0,682,1,65536,6,393216,7,0,0,0,0,,,,
random-chr6,chr6-9,GRCh38#0#chr6,7830571,7831571,1000,keep1,off,1000,contained,100000,65536,True,,1,104,3,10784,61,3997696,22,1441792,61,22,0,0,,3,9388,200,9.5,ok,593,1,65536,1,65536,6036,43,2818048,1,65536,2756,17,1114112,20,1310720,0,0,0,0,0,3,0,0,0,0,611,1241,35,0
random-chr6,chr6-9,GRCh38#0#chr6,7830571,7831571,1000,keep8,off,1000,contained,100000,65536,True,,1,119,9,18388,61,3997696,22,1441792,61,22,0,0,,9,9530,201,9.7,ok,640,1,65536,1,65536,5936,43,2818048,1,65536,2950,17,1114112,20,1310720,0,0,0,0,0,4,0,0,0,0,698,1393,34,0
random-chr1,chr1-0,GRCh38#0#chr1,175361213,175362213,1000,sampled,off,1000,contained,100000,65536,True,,1,98,464,270421,50,3276800,7,458752,50,7,50267,50267,,,8112,221,8.3,ok,640,1,65536,1,65536,5889,43,2818048,1,65536,798,6,393216,0,0,780,0,0,5,327680,6,0,0,0,0,,,,
random-chr1,chr1-0,GRCh38#0#chr1,175361213,175362213,1000,keep1,off,1000,contained,100000,65536,True,,1,68,3,7354,65,4259840,19,1245184,65,19,0,0,,3,9804,209,10.0,ok,632,1,65536,1,65536,5875,43,2818048,1,65536,3293,21,1376256,17,1114112,0,0,0,0,0,5,0,0,0,0,635,1906,35,0
random-chr1,chr1-0,GRCh38#0#chr1,175361213,175362213,1000,keep8,off,1000,contained,100000,65536,True,,1,70,9,10893,65,4259840,19,1245184,65,19,0,0,,9,10291,205,10.6,ok,626,1,65536,1,65536,5900,43,2818048,1,65536,3760,21,1376256,17,1114112,0,0,0,0,0,4,0,0,0,0,700,1964,42,1
random-chr1,chr1-1,GRCh38#0#chr1,146334305,146335305,1000,sampled,off,1000,contained,100000,65536,True,,1,21,18,7412,51,3342336,9,589824,51,9,5170,5170,,,8143,174,8.4,ok,627,1,65536,1,65536,6076,43,2818048,1,65536,857,6,393216,0,0,579,1,65536,7,458752,3,0,0,0,0,,,,
random-chr1,chr1-1,GRCh38#0#chr1,146334305,146335305,1000,keep1,off,1000,contained,100000,65536,True,,1,14,1,4255,53,3473408,18,1179648,53,18,0,0,,1,8494,163,8.7,ok,637,1,65536,1,65536,6114,43,2818048,1,65536,1740,9,589824,16,1048576,0,0,0,0,0,3,0,0,0,0,567,375,33,1
random-chr1,chr1-1,GRCh38#0#chr1,146334305,146335305,1000,keep8,off,1000,contained,100000,65536,True,,1,14,1,4255,53,3473408,18,1179648,53,18,0,0,,1,8493,167,8.6,ok,671,1,65536,1,65536,5912,43,2818048,1,65536,1907,9,589824,16,1048576,0,0,0,0,0,3,0,0,0,0,621,371,32,0
random-chr17,chr17-0,GRCh38#0#chr17,2235465,2236465,1000,sampled,off,1000,contained,100000,65536,True,,1,128,464,359841,51,3342336,8,524288,51,8,76457,76457,,,8777,282,8.9,ok,622,1,65536,1,65536,5959,43,2818048,1,65536,857,6,393216,0,0,1331,1,65536,6,393216,7,0,0,0,0,,,,
random-chr17,chr17-0,GRCh38#0#chr17,2235465,2236465,1000,keep1,off,1000,contained,100000,65536,True,,1,92,3,9739,60,3932160,21,1376256,60,21,0,0,,3,9353,193,9.5,ok,610,1,65536,1,65536,5935,43,2818048,1,65536,2804,16,1048576,19,1245184,0,0,0,0,0,4,0,0,0,0,671,1301,0,0
random-chr17,chr17-0,GRCh38#0#chr17,2235465,2236465,1000,keep8,off,1000,contained,100000,65536,True,,1,94,9,14201,60,3932160,21,1376256,60,21,0,0,,9,9277,202,9.4,ok,648,1,65536,1,65536,5879,43,2818048,1,65536,2746,16,1048576,19,1245184,0,0,0,0,0,4,0,0,0,0,652,1319,0,0
random-chr17,chr17-1,GRCh38#0#chr17,52164366,52165366,1000,sampled,off,1000,contained,100000,65536,True,,1,100,465,317823,50,3276800,8,524288,50,8,3249,3249,,,8118,169,8.2,ok,654,1,65536,1,65536,6290,43,2818048,1,65536,773,6,393216,0,0,393,0,0,6,393216,7,0,0,0,0,,,,
random-chr17,chr17-1,GRCh38#0#chr17,52164366,52165366,1000,keep1,off,1000,contained,100000,65536,True,,1,75,3,8280,59,3866624,25,1638400,59,25,0,0,,3,9370,188,9.5,ok,598,1,65536,1,65536,6001,43,2818048,1,65536,2766,15,983040,23,1507328,0,0,0,0,0,4,0,0,0,0,752,1178,0,0
random-chr17,chr17-1,GRCh38#0#chr17,52164366,52165366,1000,keep8,off,1000,contained,100000,65536,True,,1,71,9,12042,59,3866624,25,1638400,59,25,0,0,,9,9487,202,9.6,ok,618,1,65536,1,65536,6182,43,2818048,1,65536,2682,15,983040,23,1507328,0,0,0,0,0,5,0,0,0,0,812,1157,0,1
random-chr6,chr6-0,GRCh38#0#chr6,114311055,114314055,3000,sampled,off,1000,contained,100000,65536,True,,1,187,464,620280,51,3342336,7,458752,51,7,0,0,,,7806,166,7.9,ok,635,1,65536,1,65536,5970,43,2818048,1,65536,894,7,458752,0,0,297,0,0,5,327680,11,0,0,0,0,,,,
random-chr6,chr6-0,GRCh38#0#chr6,114311055,114314055,3000,keep1,off,1000,contained,100000,65536,True,,1,138,3,15883,58,3801088,23,1507328,58,23,0,0,,3,9107,180,9.2,ok,673,1,65536,1,65536,5752,43,2818048,1,65536,2677,14,917504,21,1376256,0,0,0,0,0,4,0,0,0,0,805,910,43,0
random-chr6,chr6-0,GRCh38#0#chr6,114311055,114314055,3000,keep8,off,1000,contained,100000,65536,True,,1,144,9,24227,58,3801088,23,1507328,58,23,0,0,,9,9137,204,9.3,ok,597,1,65536,1,65536,5909,43,2818048,1,65536,2627,14,917504,21,1376256,0,0,0,0,0,3,0,0,0,0,715,985,38,0
random-chr6,chr6-1,GRCh38#0#chr6,8795576,8798576,3000,sampled,off,1000,contained,100000,65536,True,,1,269,464,852588,50,3276800,7,458752,50,7,0,0,,,7558,168,7.7,ok,602,1,65536,1,65536,5857,43,2818048,1,65536,749,6,393216,0,0,339,0,0,5,327680,11,0,0,0,0,,,,
random-chr6,chr6-1,GRCh38#0#chr6,8795576,8798576,3000,keep1,off,1000,contained,100000,65536,True,,1,178,3,18418,60,3932160,23,1507328,60,23,0,0,,3,9683,188,9.8,ok,607,1,65536,1,65536,6142,43,2818048,1,65536,2930,16,1048576,21,1376256,0,0,0,0,0,5,0,0,0,0,872,1257,43,0
random-chr6,chr6-1,GRCh38#0#chr6,8795576,8798576,3000,keep8,off,1000,contained,100000,65536,True,,1,190,9,30242,60,3932160,23,1507328,60,23,0,0,,9,9569,200,9.7,ok,619,1,65536,1,65536,5969,43,2818048,1,65536,2976,16,1048576,21,1376256,0,0,0,0,0,4,0,0,0,0,856,1326,36,0
random-chr6,chr6-2,GRCh38#0#chr6,142634443,142637443,3000,sampled,off,1000,contained,100000,65536,True,,1,291,464,945248,50,3276800,8,524288,50,8,0,0,,,7726,167,7.9,ok,634,1,65536,1,65536,5825,43,2818048,1,65536,924,6,393216,0,0,333,0,0,6,393216,9,0,0,0,0,,,,
random-chr6,chr6-2,GRCh38#0#chr6,142634443,142637443,3000,keep1,off,1000,contained,100000,65536,True,,1,196,3,19781,61,3997696,21,1376256,61,21,0,0,,3,9781,182,9.9,ok,708,1,65536,1,65536,6130,43,2818048,1,65536,2937,17,1114112,19,1245184,0,0,0,0,0,6,0,0,0,0,617,1522,64,0
random-chr6,chr6-2,GRCh38#0#chr6,142634443,142637443,3000,keep8,off,1000,contained,100000,65536,True,,1,234,9,34523,61,3997696,21,1376256,61,21,0,0,,9,9573,206,9.7,ok,741,1,65536,1,65536,5957,43,2818048,1,65536,2871,17,1114112,19,1245184,0,0,0,0,0,4,0,0,0,0,629,1432,71,0
random-chr6,chr6-3,GRCh38#0#chr6,118544554,118547554,3000,sampled,off,1000,contained,100000,65536,True,,1,137,464,485980,50,3276800,7,458752,50,7,0,0,,,7917,163,8.1,ok,681,1,65536,1,65536,6097,43,2818048,1,65536,784,6,393216,0,0,346,0,0,5,327680,9,0,0,0,0,,,,
random-chr6,chr6-3,GRCh38#0#chr6,118544554,118547554,3000,keep1,off,1000,contained,100000,65536,True,,1,98,3,12909,59,3866624,19,1245184,59,19,0,0,,3,9356,171,9.5,ok,682,1,65536,1,65536,6104,43,2818048,1,65536,2566,15,983040,17,1114112,0,0,0,0,0,3,0,0,0,0,629,1126,39,0
random-chr6,chr6-3,GRCh38#0#chr6,118544554,118547554,3000,keep8,off,1000,contained,100000,65536,True,,1,102,9,19339,59,3866624,19,1245184,59,19,0,0,,9,9274,172,9.4,ok,674,1,65536,1,65536,6021,43,2818048,1,65536,2577,15,983040,17,1114112,0,0,0,0,0,3,0,0,0,0,592,1193,38,0
random-chr6,chr6-4,GRCh38#0#chr6,134093585,134096585,3000,sampled,off,1000,contained,100000,65536,True,,1,180,464,593834,50,3276800,8,524288,50,8,61145,61145,,,8383,233,8.5,ok,607,1,65536,1,65536,6132,43,2818048,1,65536,737,6,393216,0,0,901,0,0,6,393216,7,0,0,0,0,,,,
random-chr6,chr6-4,GRCh38#0#chr6,134093585,134096585,3000,keep1,off,1000,contained,100000,65536,True,,1,124,3,14412,61,3997696,22,1441792,61,22,0,0,,3,9622,205,9.7,ok,576,1,65536,1,65536,6149,43,2818048,1,65536,2893,17,1114112,20,1310720,0,0,0,0,0,4,0,0,0,0,597,1552,0,0
random-chr6,chr6-4,GRCh38#0#chr6,134093585,134096585,3000,keep8,off,1000,contained,100000,65536,True,,1,129,9,22265,61,3997696,22,1441792,61,22,0,0,,9,9969,205,10.1,ok,593,1,65536,1,65536,6021,43,2818048,1,65536,3351,17,1114112,20,1310720,0,0,0,0,0,4,0,0,0,0,839,1549,0,0
random-chr6,chr6-5,GRCh38#0#chr6,149407112,149410112,3000,sampled,off,1000,contained,100000,65536,True,,1,154,464,519633,50,3276800,8,524288,50,8,30425,30425,,,8629,203,8.7,ok,609,1,65536,1,65536,6222,43,2818048,1,65536,894,6,393216,0,0,897,0,0,6,393216,7,0,0,0,0,,,,
random-chr6,chr6-5,GRCh38#0#chr6,149407112,149410112,3000,keep1,off,1000,contained,100000,65536,True,,1,105,3,13097,65,4259840,23,1507328,65,23,0,0,,3,10514,197,10.6,ok,594,1,65536,1,65536,6357,43,2818048,1,65536,3560,21,1376256,21,1376256,0,0,0,0,0,3,0,0,0,0,670,1968,0,0
random-chr6,chr6-5,GRCh38#0#chr6,149407112,149410112,3000,keep8,off,1000,contained,100000,65536,True,,1,112,9,20163,65,4259840,23,1507328,65,23,0,0,,9,11174,211,11.3,ok,623,1,65536,1,65536,6796,43,2818048,1,65536,3751,21,1376256,21,1376256,0,0,0,0,0,4,0,0,0,0,1004,2011,0,0
random-chr6,chr6-6,GRCh38#0#chr6,63568131,63571131,3000,sampled,off,1000,contained,100000,65536,True,,1,123,465,413080,50,3276800,8,524288,50,8,0,0,,,8582,166,8.7,ok,615,1,65536,1,65536,6605,43,2818048,1,65536,807,6,393216,0,0,547,0,0,6,393216,9,0,0,0,0,,,,
random-chr6,chr6-6,GRCh38#0#chr6,63568131,63571131,3000,keep1,off,1000,contained,100000,65536,True,,1,84,3,11735,67,4390912,24,1572864,67,24,0,0,,3,10879,208,11.0,ok,631,1,65536,1,65536,6408,43,2818048,1,65536,3837,23,1507328,22,1441792,0,0,0,0,0,3,0,0,0,0,800,2276,4,0
random-chr6,chr6-6,GRCh38#0#chr6,63568131,63571131,3000,keep8,off,1000,contained,100000,65536,True,,1,87,9,17151,67,4390912,24,1572864,67,24,0,0,,9,11012,199,11.1,ok,639,1,65536,1,65536,6524,43,2818048,1,65536,3843,23,1507328,22,1441792,0,0,0,0,0,5,0,0,0,0,735,2311,8,1
random-chr6,chr6-7,GRCh38#0#chr6,93798248,93801248,3000,sampled,off,1000,contained,100000,65536,True,,1,218,464,682799,49,3211264,7,458752,49,7,87204,87204,,,9329,285,9.5,ok,612,1,65536,1,65536,6696,43,2818048,1,65536,798,5,327680,0,0,1211,0,0,5,327680,12,0,0,0,0,,,,
random-chr6,chr6-7,GRCh38#0#chr6,93798248,93801248,3000,keep1,off,1000,contained,100000,65536,True,,1,154,3,16746,58,3801088,19,1245184,58,19,0,0,,3,9909,200,10.0,ok,646,1,65536,1,65536,6728,43,2818048,1,65536,2530,14,917504,17,1114112,0,0,0,0,0,5,0,0,0,0,624,1247,42,0
random-chr6,chr6-7,GRCh38#0#chr6,93798248,93801248,3000,keep8,off,1000,contained,100000,65536,True,,1,160,9,26005,58,3801088,19,1245184,58,19,0,0,,9,10188,198,10.3,ok,624,1,65536,1,65536,7041,43,2818048,1,65536,2517,14,917504,17,1114112,0,0,0,0,0,5,0,0,0,0,574,1254,38,0
random-chr6,chr6-8,GRCh38#0#chr6,62972765,62975765,3000,sampled,off,1000,contained,100000,65536,True,,1,136,464,455124,50,3276800,8,524288,50,8,32534,32534,,,8692,249,8.8,ok,601,1,65536,1,65536,6617,43,2818048,1,65536,752,6,393216,0,0,716,0,0,6,393216,6,0,0,0,0,,,,
random-chr6,chr6-8,GRCh38#0#chr6,62972765,62975765,3000,keep1,off,1000,contained,100000,65536,True,,1,96,3,12513,58,3801088,23,1507328,58,23,0,0,,3,10268,205,10.4,ok,632,1,65536,1,65536,6714,43,2818048,1,65536,2918,14,917504,21,1376256,0,0,0,0,0,4,0,0,0,0,655,1435,72,0
random-chr6,chr6-8,GRCh38#0#chr6,62972765,62975765,3000,keep8,off,1000,contained,100000,65536,True,,1,97,9,18335,58,3801088,23,1507328,58,23,0,0,,9,10378,171,10.5,ok,752,1,65536,1,65536,7006,43,2818048,1,65536,2616,14,917504,21,1376256,0,0,0,0,0,4,0,0,0,0,719,1058,69,0
random-chr6,chr6-9,GRCh38#0#chr6,124373865,124376865,3000,sampled,off,1000,contained,100000,65536,True,,1,193,464,639214,51,3342336,6,393216,51,6,0,0,,,8215,164,8.3,ok,603,1,65536,1,65536,6472,43,2818048,1,65536,864,7,458752,0,0,268,0,0,4,262144,8,0,0,0,0,,,,
random-chr6,chr6-9,GRCh38#0#chr6,124373865,124376865,3000,keep1,off,1000,contained,100000,65536,True,,1,132,3,15000,66,4325376,21,1376256,66,21,0,0,,3,10559,208,10.7,ok,722,1,65536,1,65536,6284,43,2818048,1,65536,3550,22,1441792,19,1245184,0,0,0,0,0,3,0,0,0,0,691,1967,3,0
random-chr6,chr6-9,GRCh38#0#chr6,124373865,124376865,3000,keep8,off,1000,contained,100000,65536,True,,1,145,9,24058,66,4325376,21,1376256,66,21,0,0,,9,10150,208,10.3,ok,762,1,65536,1,65536,5915,43,2818048,1,65536,3470,22,1441792,19,1245184,0,0,0,0,0,3,0,0,0,0,656,1958,3,0
random-chr1,chr1-0,GRCh38#0#chr1,78787658,78790658,3000,sampled,off,1000,contained,100000,65536,True,,1,653,464,1694832,51,3342336,8,524288,51,8,0,0,,,8095,174,8.2,ok,654,1,65536,1,65536,5987,43,2818048,1,65536,1091,7,458752,0,0,334,0,0,6,393216,28,0,0,0,0,,,,
random-chr1,chr1-0,GRCh38#0#chr1,78787658,78790658,3000,keep1,off,1000,contained,100000,65536,True,,1,463,3,48338,61,3997696,22,1441792,61,22,0,0,,3,9605,209,9.7,ok,589,1,65536,1,65536,6056,43,2818048,1,65536,2954,17,1114112,20,1310720,0,0,0,0,0,6,0,0,0,0,869,1188,57,0
random-chr1,chr1-0,GRCh38#0#chr1,78787658,78790658,3000,keep8,off,1000,contained,100000,65536,True,,1,476,9,70481,61,3997696,22,1441792,61,22,0,0,,9,10121,201,10.2,ok,609,1,65536,1,65536,6277,43,2818048,1,65536,3229,17,1114112,20,1310720,0,0,0,0,0,6,0,0,0,0,772,1246,45,0
random-chr1,chr1-1,GRCh38#0#chr1,6768599,6771599,3000,sampled,off,1000,contained,100000,65536,True,,1,249,464,692162,50,3276800,7,458752,50,7,36475,36475,,,8504,196,8.6,ok,653,1,65536,1,65536,6218,43,2818048,1,65536,955,6,393216,0,0,668,0,0,5,327680,10,0,0,0,0,,,,
random-chr1,chr1-1,GRCh38#0#chr1,6768599,6771599,3000,keep1,off,1000,contained,100000,65536,True,,1,187,3,18317,61,3997696,19,1245184,61,19,0,0,,3,9608,174,9.7,ok,596,1,65536,1,65536,6084,43,2818048,1,65536,2923,17,1114112,17,1114112,0,0,0,0,0,4,0,0,0,0,573,1369,35,0
random-chr1,chr1-1,GRCh38#0#chr1,6768599,6771599,3000,keep8,off,1000,contained,100000,65536,True,,1,181,9,26193,61,3997696,19,1245184,61,19,0,0,,9,9637,207,9.8,ok,648,1,65536,1,65536,6240,43,2818048,1,65536,2746,17,1114112,17,1114112,0,0,0,0,0,4,0,0,0,0,554,1421,35,0
random-chr17,chr17-0,GRCh38#0#chr17,56858725,56861725,3000,sampled,off,1000,contained,100000,65536,True,,1,200,464,586078,50,3276800,7,458752,50,7,10890,10890,,,8170,183,8.3,ok,619,1,65536,1,65536,6389,43,2818048,1,65536,759,6,393216,0,0,395,0,0,5,327680,8,0,0,0,0,,,,
random-chr17,chr17-0,GRCh38#0#chr17,56858725,56861725,3000,keep1,off,1000,contained,100000,65536,True,,1,141,3,14621,58,3801088,25,1638400,58,25,0,0,,3,10079,182,10.2,ok,585,1,65536,1,65536,6558,43,2818048,1,65536,2933,14,917504,23,1507328,0,0,0,0,0,4,0,0,0,0,780,1352,31,0
random-chr17,chr17-0,GRCh38#0#chr17,56858725,56861725,3000,keep8,off,1000,contained,100000,65536,True,,1,145,9,22332,58,3801088,25,1638400,58,25,0,0,,9,9587,204,9.7,ok,655,1,65536,1,65536,6201,43,2818048,1,65536,2728,14,917504,23,1507328,0,0,0,0,0,3,0,0,0,0,744,1205,35,0
random-chr17,chr17-1,GRCh38#0#chr17,75686034,75689034,3000,sampled,off,1000,contained,100000,65536,True,,1,248,464,717419,51,3342336,8,524288,51,8,0,0,,,7970,165,8.1,ok,692,1,65536,1,65536,5986,43,2818048,1,65536,947,7,458752,0,0,335,0,0,6,393216,10,0,0,0,0,,,,
random-chr17,chr17-1,GRCh38#0#chr17,75686034,75689034,3000,keep1,off,1000,contained,100000,65536,True,,1,178,3,17336,59,3866624,22,1441792,59,22,0,0,,3,9296,170,9.4,ok,562,1,65536,1,65536,6191,43,2818048,1,65536,2540,15,983040,20,1310720,0,0,0,0,0,4,0,0,0,0,762,874,75,0
random-chr17,chr17-1,GRCh38#0#chr17,75686034,75689034,3000,keep8,off,1000,contained,100000,65536,True,,1,178,9,26347,59,3866624,22,1441792,59,22,0,0,,9,9412,206,9.5,ok,600,1,65536,1,65536,6192,43,2818048,1,65536,2615,15,983040,20,1310720,0,0,0,0,0,6,0,0,0,0,740,947,72,0
random-chr6,chr6-0,GRCh38#0#chr6,27843619,27853619,10000,sampled,off,1000,contained,100000,65536,True,,1,568,464,1757093,50,3276800,7,458752,50,7,86,86,,,7896,174,8.0,ok,602,1,65536,1,65536,6124,43,2818048,1,65536,802,6,393216,0,0,351,0,0,5,327680,16,0,0,0,0,,,,
random-chr6,chr6-0,GRCh38#0#chr6,27843619,27853619,10000,keep1,off,1000,contained,100000,65536,True,,1,367,3,42929,57,3735552,24,1572864,57,24,0,0,,3,9114,167,9.2,ok,621,1,65536,1,65536,6123,43,2818048,1,65536,2360,13,851968,22,1441792,0,0,0,0,0,10,0,0,0,0,698,884,45,1
random-chr6,chr6-0,GRCh38#0#chr6,27843619,27853619,10000,keep8,off,1000,contained,100000,65536,True,,1,414,9,68627,57,3735552,24,1572864,57,24,0,0,,9,9082,205,9.2,ok,729,1,65536,1,65536,5897,43,2818048,1,65536,2450,13,851968,22,1441792,0,0,0,0,0,6,0,0,0,0,708,958,39,0
random-chr6,chr6-1,GRCh38#0#chr6,50903832,50913832,10000,sampled,off,1000,contained,100000,65536,True,,1,418,464,1319857,51,3342336,7,458752,51,7,12126,12126,,,8246,217,8.4,ok,706,1,65536,1,65536,6037,43,2818048,1,65536,951,7,458752,0,0,534,0,0,5,327680,17,0,0,0,0,,,,
random-chr6,chr6-1,GRCh38#0#chr6,50903832,50913832,10000,keep1,off,1000,contained,100000,65536,True,,1,301,3,34470,60,3932160,22,1441792,60,22,0,0,,3,9273,172,9.4,ok,605,1,65536,1,65536,5986,43,2818048,1,65536,2677,16,1048576,20,1310720,0,0,0,0,0,6,0,0,0,0,635,1127,38,0
random-chr6,chr6-1,GRCh38#0#chr6,50903832,50913832,10000,keep8,off,1000,contained,100000,65536,True,,1,310,9,51677,60,3932160,22,1441792,60,22,0,0,,9,9528,190,9.7,ok,617,1,65536,1,65536,6035,43,2818048,1,65536,2869,16,1048576,20,1310720,0,0,0,0,0,6,0,0,0,0,736,1210,46,1
random-chr6,chr6-2,GRCh38#0#chr6,80561691,80571691,10000,sampled,off,1000,contained,100000,65536,True,,1,774,464,2445242,51,3342336,8,524288,51,8,64794,64794,,,8807,228,8.9,ok,686,1,65536,1,65536,6100,43,2818048,1,65536,905,6,393216,0,0,1094,1,65536,6,393216,22,0,0,0,0,,,,
random-chr6,chr6-2,GRCh38#0#chr6,80561691,80571691,10000,keep1,off,1000,contained,100000,65536,True,,1,529,3,50879,62,4063232,21,1376256,62,21,0,0,,3,9875,202,10.0,ok,686,1,65536,1,65536,6185,43,2818048,1,65536,2996,18,1179648,19,1245184,0,0,0,0,0,7,0,0,0,0,814,1374,48,0
random-chr6,chr6-2,GRCh38#0#chr6,80561691,80571691,10000,keep8,off,1000,contained,100000,65536,True,,1,558,9,83844,62,4063232,21,1376256,62,21,0,0,,9,9485,211,9.6,ok,632,1,65536,1,65536,5839,43,2818048,1,65536,3008,18,1179648,19,1245184,0,0,0,0,0,7,0,0,0,0,821,1391,34,0
random-chr6,chr6-3,GRCh38#0#chr6,33451151,33461151,10000,sampled,off,1000,contained,100000,65536,True,,1,388,464,1267803,50,3276800,7,458752,50,7,0,0,,,7640,172,7.8,ok,685,1,65536,1,65536,5885,43,2818048,1,65536,746,6,393216,0,0,303,0,0,5,327680,21,0,0,0,0,,,,
random-chr6,chr6-3,GRCh38#0#chr6,33451151,33461151,10000,keep1,off,1000,contained,100000,65536,True,,1,274,3,32301,61,3997696,23,1507328,61,23,0,0,,3,9452,198,9.6,ok,580,1,65536,1,65536,6063,43,2818048,1,65536,2803,17,1114112,21,1376256,0,0,0,0,0,5,0,0,0,0,671,1354,45,0
random-chr6,chr6-3,GRCh38#0#chr6,33451151,33461151,10000,keep8,off,1000,contained,100000,65536,True,,1,277,9,48533,61,3997696,23,1507328,61,23,0,0,,9,9861,202,10.0,ok,571,1,65536,1,65536,6399,43,2818048,1,65536,2886,17,1114112,21,1376256,0,0,0,0,0,4,0,0,0,0,693,1415,43,0
random-chr6,chr6-4,GRCh38#0#chr6,90307183,90317183,10000,sampled,off,1000,contained,100000,65536,True,,1,394,464,1256449,51,3342336,8,524288,51,8,0,0,,,8076,171,8.2,ok,591,1,65536,1,65536,6104,43,2818048,1,65536,1011,7,458752,0,0,355,0,0,6,393216,15,0,0,0,0,,,,
random-chr6,chr6-4,GRCh38#0#chr6,90307183,90317183,10000,keep1,off,1000,contained,100000,65536,True,,1,271,3,31929,63,4128768,21,1376256,63,21,0,0,,3,9718,189,9.8,ok,619,1,65536,1,65536,5961,43,2818048,1,65536,3132,19,1245184,19,1245184,0,0,0,0,0,5,0,0,0,0,701,1518,7,0
random-chr6,chr6-4,GRCh38#0#chr6,90307183,90317183,10000,keep8,off,1000,contained,100000,65536,True,,1,297,9,49685,63,4128768,21,1376256,63,21,0,0,,9,9600,207,9.7,ok,649,1,65536,1,65536,5912,43,2818048,1,65536,3034,19,1245184,19,1245184,0,0,0,0,0,5,0,0,0,0,652,1534,7,0
random-chr6,chr6-5,GRCh38#0#chr6,135432395,135442395,10000,sampled,off,1000,contained,100000,65536,True,,1,421,464,1377193,51,3342336,7,458752,51,7,32414,32414,,,8035,244,8.2,ok,591,1,65536,1,65536,5908,43,2818048,1,65536,861,7,458752,0,0,662,0,0,5,327680,13,0,0,0,0,,,,
random-chr6,chr6-5,GRCh38#0#chr6,135432395,135442395,10000,keep1,off,1000,contained,100000,65536,True,,1,312,3,35329,60,3932160,20,1310720,60,20,0,0,,3,8987,201,9.1,ok,663,1,65536,1,65536,5691,43,2818048,1,65536,2626,16,1048576,18,1179648,0,0,0,0,0,7,0,0,0,0,612,1132,37,0
random-chr6,chr6-5,GRCh38#0#chr6,135432395,135442395,10000,keep8,off,1000,contained,100000,65536,True,,1,305,9,52177,60,3932160,20,1310720,60,20,0,0,,9,10144,200,10.3,ok,648,1,65536,1,65536,6563,43,2818048,1,65536,2928,16,1048576,18,1179648,0,0,0,0,0,5,0,0,0,0,610,1179,38,0
random-chr6,chr6-6,GRCh38#0#chr6,114308485,114318485,10000,sampled,off,1000,contained,100000,65536,True,,1,424,464,1373938,51,3342336,7,458752,51,7,0,0,,,7667,170,7.8,ok,583,1,65536,1,65536,5909,43,2818048,1,65536,860,7,458752,0,0,302,0,0,5,327680,13,0,0,0,0,,,,
random-chr6,chr6-6,GRCh38#0#chr6,114308485,114318485,10000,keep1,off,1000,contained,100000,65536,True,,1,301,3,34443,58,3801088,23,1507328,58,23,0,0,,3,9399,205,9.5,ok,590,1,65536,1,65536,6100,43,2818048,1,65536,2704,14,917504,21,1376256,0,0,0,0,0,5,0,0,0,0,682,1111,50,0
random-chr6,chr6-6,GRCh38#0#chr6,114308485,114318485,10000,keep8,off,1000,contained,100000,65536,True,,1,316,9,52935,58,3801088,23,1507328,58,23,0,0,,9,9358,203,9.5,ok,579,1,65536,1,65536,6213,43,2818048,1,65536,2561,14,917504,21,1376256,0,0,0,0,0,5,0,0,0,0,680,905,42,0
random-chr6,chr6-7,GRCh38#0#chr6,137289311,137299311,10000,sampled,off,1000,contained,100000,65536,True,,1,519,464,1675548,51,3342336,8,524288,51,8,0,0,,,7835,172,8.0,ok,597,1,65536,1,65536,5940,43,2818048,1,65536,921,7,458752,0,0,362,0,0,6,393216,14,0,0,0,0,,,,
random-chr6,chr6-7,GRCh38#0#chr6,137289311,137299311,10000,keep1,off,1000,contained,100000,65536,True,,1,378,3,39721,60,3932160,21,1376256,60,21,0,0,,3,9506,189,9.7,ok,646,1,65536,1,65536,5864,43,2818048,1,65536,2990,16,1048576,19,1245184,0,0,0,0,0,5,0,0,0,0,669,1137,76,0
random-chr6,chr6-7,GRCh38#0#chr6,137289311,137299311,10000,keep8,off,1000,contained,100000,65536,True,,1,394,9,62065,60,3932160,21,1376256,60,21,0,0,,9,9758,206,9.9,ok,627,1,65536,1,65536,6216,43,2818048,1,65536,2908,16,1048576,19,1245184,0,0,0,0,0,7,0,0,0,0,669,1289,99,0
random-chr6,chr6-8,GRCh38#0#chr6,51962399,51972399,10000,sampled,off,1000,contained,100000,65536,True,,1,423,464,1349791,51,3342336,7,458752,51,7,187,187,,,8049,171,8.2,ok,639,1,65536,1,65536,6161,43,2818048,1,65536,869,7,458752,0,0,370,0,0,5,327680,12,0,0,0,0,,,,
random-chr6,chr6-8,GRCh38#0#chr6,51962399,51972399,10000,keep1,off,1000,contained,100000,65536,True,,1,295,3,33904,60,3932160,21,1376256,60,21,0,0,,3,9389,199,9.5,ok,606,1,65536,1,65536,5815,43,2818048,1,65536,2963,16,1048576,19,1245184,0,0,0,0,0,5,0,0,0,0,720,1344,42,0
random-chr6,chr6-8,GRCh38#0#chr6,51962399,51972399,10000,keep8,off,1000,contained,100000,65536,True,,1,303,9,51556,60,3932160,21,1376256,60,21,0,0,,9,10125,202,10.3,ok,604,1,65536,1,65536,6456,43,2818048,1,65536,3060,16,1048576,19,1245184,0,0,0,0,0,5,0,0,0,0,892,1268,39,0
random-chr6,chr6-9,GRCh38#0#chr6,82434865,82444865,10000,sampled,off,1000,contained,100000,65536,True,,1,314,464,1028187,50,3276800,8,524288,50,8,0,0,,,7500,170,7.6,ok,578,1,65536,1,65536,5781,43,2818048,1,65536,775,6,393216,0,0,354,0,0,6,393216,11,0,0,0,0,,,,
random-chr6,chr6-9,GRCh38#0#chr6,82434865,82444865,10000,keep1,off,1000,contained,100000,65536,True,,1,233,3,29652,64,4194304,23,1507328,64,23,0,0,,3,10249,205,10.4,ok,610,1,65536,1,65536,6359,43,2818048,1,65536,3274,20,1310720,21,1376256,0,0,0,0,0,4,0,0,0,0,602,1942,5,0
random-chr6,chr6-9,GRCh38#0#chr6,82434865,82444865,10000,keep8,off,1000,contained,100000,65536,True,,1,247,9,43566,64,4194304,23,1507328,64,23,0,0,,9,9885,207,10.0,ok,593,1,65536,1,65536,6136,43,2818048,1,65536,3151,20,1310720,21,1376256,0,0,0,0,0,5,0,0,0,0,597,1817,7,0
random-chr1,chr1-0,GRCh38#0#chr1,77278449,77288449,10000,sampled,off,1000,contained,100000,65536,True,,1,447,464,1161946,51,3342336,7,458752,51,7,1438,1438,,,8073,173,8.2,ok,606,1,65536,1,65536,6272,43,2818048,1,65536,770,6,393216,0,0,406,1,65536,5,327680,19,0,0,0,0,,,,
random-chr1,chr1-0,GRCh38#0#chr1,77278449,77288449,10000,keep1,off,1000,contained,100000,65536,True,,1,318,3,31762,57,3735552,19,1245184,57,19,0,0,,3,9140,174,9.3,ok,623,1,65536,1,65536,6100,43,2818048,1,65536,2408,13,851968,17,1114112,0,0,0,0,0,8,0,0,0,0,714,898,40,0
random-chr1,chr1-0,GRCh38#0#chr1,77278449,77288449,10000,keep8,off,1000,contained,100000,65536,True,,1,327,9,46973,57,3735552,19,1245184,57,19,0,0,,9,9337,201,9.5,ok,580,1,65536,1,65536,6265,43,2818048,1,65536,2484,13,851968,17,1114112,0,0,0,0,0,7,0,0,0,0,702,930,61,1
random-chr1,chr1-1,GRCh38#0#chr1,158727466,158737466,10000,sampled,off,1000,contained,100000,65536,True,,1,528,464,1520247,50,3276800,8,524288,50,8,0,0,,,7999,168,8.1,ok,632,1,65536,1,65536,6125,43,2818048,1,65536,904,6,393216,0,0,317,0,0,6,393216,22,0,0,0,0,,,,
random-chr1,chr1-1,GRCh38#0#chr1,158727466,158737466,10000,keep1,off,1000,contained,100000,65536,True,,1,392,3,38695,66,4325376,22,1441792,66,22,0,0,,3,10483,202,10.6,ok,620,1,65536,1,65536,6211,43,2818048,1,65536,3645,22,1441792,20,1310720,0,0,0,0,0,6,0,0,0,0,724,2156,6,0
random-chr1,chr1-1,GRCh38#0#chr1,158727466,158737466,10000,keep8,off,1000,contained,100000,65536,True,,1,423,9,60047,66,4325376,22,1441792,66,22,0,0,,9,10770,212,10.9,ok,641,1,65536,1,65536,6248,43,2818048,1,65536,3874,22,1441792,20,1310720,0,0,0,0,0,8,0,0,0,0,711,2409,10,1
random-chr17,chr17-0,GRCh38#0#chr17,68023240,68033240,10000,sampled,off,1000,contained,100000,65536,True,,1,540,465,1563085,51,3342336,7,458752,51,7,0,0,,,8284,173,8.4,ok,637,1,65536,1,65536,6279,43,2818048,1,65536,953,7,458752,0,0,397,0,0,5,327680,18,0,0,0,0,,,,
random-chr17,chr17-0,GRCh38#0#chr17,68023240,68033240,10000,keep1,off,1000,contained,100000,65536,True,,1,389,3,38834,68,4456448,23,1507328,68,23,0,0,,3,10797,204,10.9,ok,635,1,65536,1,65536,6114,43,2818048,1,65536,4042,24,1572864,21,1376256,0,0,0,0,0,5,0,0,0,0,728,2387,6,0
random-chr17,chr17-0,GRCh38#0#chr17,68023240,68033240,10000,keep8,off,1000,contained,100000,65536,True,,1,416,9,60418,68,4456448,23,1507328,68,23,0,0,,9,10941,212,11.1,ok,864,1,65536,1,65536,5968,43,2818048,1,65536,4103,24,1572864,21,1376256,0,0,0,0,0,6,0,0,0,0,732,2468,8,0
random-chr17,chr17-1,GRCh38#0#chr17,68818046,68828046,10000,sampled,off,1000,contained,100000,65536,True,,1,528,464,1498812,52,3407872,8,524288,52,8,1299,1299,,,8247,174,8.4,ok,835,1,65536,1,65536,6010,43,2818048,1,65536,1009,8,524288,0,0,378,0,0,6,393216,15,0,0,0,0,,,,
random-chr17,chr17-1,GRCh38#0#chr17,68818046,68828046,10000,keep1,off,1000,contained,100000,65536,True,,1,386,3,38351,61,3997696,21,1376256,61,21,0,0,,3,10074,209,10.2,ok,616,1,65536,1,65536,5908,43,2818048,1,65536,3542,17,1114112,19,1245184,0,0,0,0,0,8,0,0,0,0,852,1396,6,0
random-chr17,chr17-1,GRCh38#0#chr17,68818046,68828046,10000,keep8,off,1000,contained,100000,65536,True,,1,399,9,58115,61,3997696,21,1376256,61,21,0,0,,9,9633,207,9.8,ok,597,1,65536,1,65536,6111,43,2818048,1,65536,2919,17,1114112,19,1245184,0,0,0,0,0,5,0,0,0,0,666,1147,7,0
random-chr6,chr6-0,GRCh38#0#chr6,106590059,106620059,30000,sampled,off,1000,contained,100000,65536,True,,1,1676,464,5252011,52,3407872,9,589824,52,9,0,0,,,8289,229,8.4,ok,671,1,65536,1,65536,6112,43,2818048,1,65536,1087,8,524288,0,0,367,0,0,7,458752,51,0,0,0,0,,,,
random-chr6,chr6-0,GRCh38#0#chr6,106590059,106620059,30000,keep1,off,1000,contained,100000,65536,True,,1,1199,3,121032,59,3866624,25,1638400,59,25,0,0,,3,9590,203,9.7,ok,600,1,65536,1,65536,6275,43,2818048,1,65536,2699,15,983040,23,1507328,0,0,0,0,0,16,0,0,0,0,723,886,93,1
random-chr6,chr6-0,GRCh38#0#chr6,106590059,106620059,30000,keep8,off,1000,contained,100000,65536,True,,1,1269,9,192738,59,3866624,25,1638400,59,25,0,0,,9,9443,210,9.6,ok,576,1,65536,1,65536,6145,43,2818048,1,65536,2713,15,983040,23,1507328,0,0,0,0,0,10,0,0,0,0,658,966,91,0
random-chr6,chr6-1,GRCh38#0#chr6,159109089,159139089,30000,sampled,off,1000,contained,100000,65536,True,,1,1901,466,5486354,55,3604480,11,720896,55,11,0,0,,,9006,244,9.1,ok,607,1,65536,1,65536,6367,43,2818048,1,65536,1504,11,720896,0,0,479,0,0,9,589824,50,0,0,0,0,,,,
random-chr6,chr6-1,GRCh38#0#chr6,159109089,159139089,30000,keep1,off,1000,contained,100000,65536,True,,1,1218,3,122967,68,4456448,26,1703936,68,26,0,0,,3,10816,209,10.9,ok,609,1,65536,1,65536,6249,43,2818048,1,65536,3938,24,1572864,24,1572864,0,0,0,0,0,19,0,0,0,0,625,1719,165,1
random-chr6,chr6-1,GRCh38#0#chr6,159109089,159139089,30000,keep8,off,1000,contained,100000,65536,True,,1,1363,9,202292,68,4456448,26,1703936,68,26,0,0,,9,10811,212,10.9,ok,609,1,65536,1,65536,6202,43,2818048,1,65536,3987,24,1572864,24,1572864,0,0,0,0,0,12,0,0,0,0,680,1783,149,0
random-chr6,chr6-2,GRCh38#0#chr6,10267957,10297957,30000,sampled,off,1000,contained,100000,65536,True,,1,2010,464,6230180,52,3407872,9,589824,52,9,0,0,,,8575,260,8.7,ok,597,1,65536,1,65536,6277,43,2818048,1,65536,1132,8,524288,0,0,489,0,0,7,458752,79,0,0,0,0,,,,
random-chr6,chr6-2,GRCh38#0#chr6,10267957,10297957,30000,keep1,off,1000,contained,100000,65536,True,,1,1457,3,140274,62,4063232,26,1703936,62,26,0,0,,3,10038,204,10.2,ok,696,1,65536,1,65536,6105,43,2818048,1,65536,3220,18,1179648,24,1572864,0,0,0,0,0,17,0,0,0,0,707,1318,106,0
random-chr6,chr6-2,GRCh38#0#chr6,10267957,10297957,30000,keep8,off,1000,contained,100000,65536,True,,1,1509,9,222472,62,4063232,26,1703936,62,26,0,0,,9,10068,201,10.2,ok,716,1,65536,1,65536,6035,43,2818048,1,65536,3298,18,1179648,24,1572864,0,0,0,0,0,19,0,0,0,0,710,1371,120,0
random-chr6,chr6-3,GRCh38#0#chr6,129909947,129939947,30000,sampled,off,1000,contained,100000,65536,True,,1,1051,464,3364964,51,3342336,8,524288,51,8,0,0,,,8462,216,8.6,ok,596,1,65536,1,65536,6500,43,2818048,1,65536,921,7,458752,0,0,395,0,0,6,393216,50,0,0,0,0,,,,
random-chr6,chr6-3,GRCh38#0#chr6,129909947,129939947,30000,keep1,off,1000,contained,100000,65536,True,,1,734,3,86378,58,3801088,23,1507328,58,23,0,0,,3,9002,207,9.1,ok,610,1,65536,1,65536,5934,43,2818048,1,65536,2450,14,917504,21,1376256,0,0,0,0,0,8,0,0,0,0,569,903,72,0
random-chr6,chr6-3,GRCh38#0#chr6,129909947,129939947,30000,keep8,off,1000,contained,100000,65536,True,,1,752,9,130241,58,3801088,23,1507328,58,23,0,0,,9,9189,208,9.3,ok,623,1,65536,1,65536,6131,43,2818048,1,65536,2422,14,917504,21,1376256,0,0,0,0,0,12,0,0,0,0,548,918,74,1
random-chr6,chr6-4,GRCh38#0#chr6,66160014,66190014,30000,sampled,off,1000,contained,100000,65536,True,,1,1488,464,4749291,52,3407872,8,524288,52,8,0,0,,,8097,225,8.2,ok,605,1,65536,1,65536,5836,43,2818048,1,65536,1164,8,524288,0,0,435,0,0,6,393216,56,0,0,0,0,,,,
random-chr6,chr6-4,GRCh38#0#chr6,66160014,66190014,30000,keep1,off,1000,contained,100000,65536,True,,1,1055,3,108919,66,4325376,24,1572864,66,24,0,0,,3,10204,211,10.3,ok,711,1,65536,1,65536,6083,43,2818048,1,65536,3398,22,1441792,22,1441792,0,0,0,0,0,12,0,0,0,0,667,1708,37,0
random-chr6,chr6-4,GRCh38#0#chr6,66160014,66190014,30000,keep8,off,1000,contained,100000,65536,True,,1,1126,9,174064,66,4325376,24,1572864,66,24,0,0,,9,10150,215,10.3,ok,680,1,65536,1,65536,5819,43,2818048,1,65536,3639,22,1441792,22,1441792,0,0,0,0,0,13,0,0,0,0,765,1809,50,1
random-chr6,chr6-5,GRCh38#0#chr6,109525259,109555259,30000,sampled,off,1000,contained,100000,65536,True,,1,1256,464,3950093,52,3407872,8,524288,52,8,0,0,,,7954,214,8.1,ok,587,1,65536,1,65536,5833,43,2818048,1,65536,1095,8,524288,0,0,385,0,0,6,393216,54,0,0,0,0,,,,
random-chr6,chr6-5,GRCh38#0#chr6,109525259,109555259,30000,keep1,off,1000,contained,100000,65536,True,,1,907,3,98479,60,3932160,24,1572864,60,24,0,0,,3,9399,197,9.5,ok,673,1,65536,1,65536,6070,43,2818048,1,65536,2645,16,1048576,22,1441792,0,0,0,0,0,12,0,0,0,0,647,966,47,1
random-chr6,chr6-5,GRCh38#0#chr6,109525259,109555259,30000,keep8,off,1000,contained,100000,65536,True,,1,960,9,152268,60,3932160,24,1572864,60,24,0,0,,9,9481,204,9.6,ok,685,1,65536,1,65536,5991,43,2818048,1,65536,2795,16,1048576,22,1441792,0,0,0,0,0,11,0,0,0,0,668,1034,52,1
random-chr6,chr6-6,GRCh38#0#chr6,112216567,112246567,30000,sampled,off,1000,contained,100000,65536,True,,1,1226,464,3785272,51,3342336,8,524288,51,8,0,0,,,7865,214,8.0,ok,653,1,65536,1,65536,5946,43,2818048,1,65536,883,7,458752,0,0,350,0,0,6,393216,32,0,0,0,0,,,,
random-chr6,chr6-6,GRCh38#0#chr6,112216567,112246567,30000,keep1,off,1000,contained,100000,65536,True,,1,843,3,93961,60,3932160,25,1638400,60,25,0,0,,3,9701,204,9.8,ok,620,1,65536,1,65536,5991,43,2818048,1,65536,3080,16,1048576,23,1507328,0,0,0,0,0,10,0,0,0,0,689,1449,52,0
random-chr6,chr6-6,GRCh38#0#chr6,112216567,112246567,30000,keep8,off,1000,contained,100000,65536,True,,1,908,9,146128,60,3932160,25,1638400,60,25,0,0,,9,9200,210,9.3,ok,608,1,65536,1,65536,5718,43,2818048,1,65536,2862,16,1048576,23,1507328,0,0,0,0,0,13,0,0,0,0,698,1178,60,1
random-chr6,chr6-7,GRCh38#0#chr6,47441321,47471321,30000,sampled,off,1000,contained,100000,65536,True,,1,1505,464,4709935,51,3342336,10,655360,51,10,0,0,,,8124,225,8.3,ok,587,1,65536,1,65536,5974,43,2818048,1,65536,1095,7,458752,0,0,422,0,0,8,524288,46,0,0,0,0,,,,
random-chr6,chr6-7,GRCh38#0#chr6,47441321,47471321,30000,keep1,off,1000,contained,100000,65536,True,,1,1050,3,112403,60,3932160,25,1638400,60,25,0,0,,3,9712,205,9.8,ok,623,1,65536,1,65536,6182,43,2818048,1,65536,2892,16,1048576,23,1507328,0,0,0,0,0,14,0,0,0,0,693,1216,83,0
random-chr6,chr6-7,GRCh38#0#chr6,47441321,47471321,30000,keep8,off,1000,contained,100000,65536,True,,1,1120,9,177215,60,3932160,25,1638400,60,25,0,0,,9,9379,210,9.5,ok,660,1,65536,1,65536,5783,43,2818048,1,65536,2919,16,1048576,23,1507328,0,0,0,0,0,16,0,0,0,0,760,1191,92,0
random-chr6,chr6-8,GRCh38#0#chr6,99549053,99579053,30000,sampled,off,1000,contained,100000,65536,True,,1,1209,464,3752874,52,3407872,8,524288,52,8,0,0,,,8126,209,8.2,ok,606,1,65536,1,65536,5868,43,2818048,1,65536,1199,8,524288,0,0,407,0,0,6,393216,46,0,0,0,0,,,,
random-chr6,chr6-8,GRCh38#0#chr6,99549053,99579053,30000,keep1,off,1000,contained,100000,65536,True,,1,851,3,95590,59,3866624,22,1441792,59,22,0,0,,3,9089,207,9.2,ok,612,1,65536,1,65536,5863,43,2818048,1,65536,2598,15,983040,20,1310720,0,0,0,0,0,16,0,0,0,0,737,732,76,1
random-chr6,chr6-8,GRCh38#0#chr6,99549053,99579053,30000,keep8,off,1000,contained,100000,65536,True,,1,896,9,145560,59,3866624,22,1441792,59,22,0,0,,9,9141,203,9.3,ok,571,1,65536,1,65536,5891,43,2818048,1,65536,2664,15,983040,20,1310720,0,0,0,0,0,14,0,0,0,0,718,848,78,1
random-chr6,chr6-9,GRCh38#0#chr6,148317044,148347044,30000,sampled,off,1000,contained,100000,65536,True,,1,1672,464,4990789,53,3473408,9,589824,53,9,0,0,,,8104,227,8.2,ok,585,1,65536,1,65536,5789,43,2818048,1,65536,1260,9,589824,0,0,399,0,0,7,458752,72,0,0,0,0,,,,
random-chr6,chr6-9,GRCh38#0#chr6,148317044,148347044,30000,keep1,off,1000,contained,100000,65536,True,,1,1088,3,113067,63,4128768,25,1638400,63,25,0,0,,3,9668,209,9.8,ok,603,1,65536,1,65536,5885,43,2818048,1,65536,3165,19,1245184,23,1507328,0,0,0,0,0,15,0,0,0,0,734,1140,114,0
random-chr6,chr6-9,GRCh38#0#chr6,148317044,148347044,30000,keep8,off,1000,contained,100000,65536,True,,1,1263,9,189512,63,4128768,25,1638400,63,25,0,0,,9,9742,205,9.9,ok,580,1,65536,1,65536,5888,43,2818048,1,65536,3262,19,1245184,23,1507328,0,0,0,0,0,11,0,0,0,0,828,1176,117,0
random-chr1,chr1-0,GRCh38#0#chr1,237956573,237986573,30000,sampled,off,1000,contained,100000,65536,True,,1,1180,465,3312703,51,3342336,8,524288,51,8,0,0,,,7750,218,7.9,ok,588,1,65536,1,65536,5857,43,2818048,1,65536,915,7,458752,0,0,356,0,0,6,393216,34,0,0,0,0,,,,
random-chr1,chr1-0,GRCh38#0#chr1,237956573,237986573,30000,keep1,off,1000,contained,100000,65536,True,,1,822,3,88329,59,3866624,23,1507328,59,23,0,0,,3,9204,206,9.3,ok,612,1,65536,1,65536,5814,43,2818048,1,65536,2769,15,983040,21,1376256,0,0,0,0,0,9,0,0,0,0,791,1003,82,0
random-chr1,chr1-0,GRCh38#0#chr1,237956573,237986573,30000,keep8,off,1000,contained,100000,65536,True,,1,905,9,135744,59,3866624,23,1507328,59,23,0,0,,9,9025,208,9.2,ok,599,1,65536,1,65536,5683,43,2818048,1,65536,2733,15,983040,21,1376256,0,0,0,0,0,9,0,0,0,0,769,1038,89,0
random-chr1,chr1-1,GRCh38#0#chr1,189721066,189751066,30000,sampled,off,1000,contained,100000,65536,True,,1,1386,465,3512885,51,3342336,9,589824,51,9,0,0,,,8513,221,8.6,ok,640,1,65536,1,65536,6141,43,2818048,1,65536,1255,7,458752,0,0,427,0,0,7,458752,50,0,0,0,0,,,,
random-chr1,chr1-1,GRCh38#0#chr1,189721066,189751066,30000,keep1,off,1000,contained,100000,65536,True,,1,977,3,92784,58,3801088,24,1572864,58,24,0,0,,3,9204,206,9.3,ok,617,1,65536,1,65536,5891,43,2818048,1,65536,2686,14,917504,22,1441792,0,0,0,0,0,9,0,0,0,0,720,918,124,0
random-chr1,chr1-1,GRCh38#0#chr1,189721066,189751066,30000,keep8,off,1000,contained,100000,65536,True,,1,1009,9,138636,58,3801088,24,1572864,58,24,0,0,,9,9124,210,9.3,ok,624,1,65536,1,65536,5941,43,2818048,1,65536,2549,14,917504,22,1441792,0,0,0,0,0,10,0,0,0,0,621,950,114,0
random-chr17,chr17-0,GRCh38#0#chr17,51291788,51321788,30000,sampled,off,1000,contained,100000,65536,True,,1,1185,464,3442781,53,3473408,8,524288,53,8,0,0,,,7950,218,8.1,ok,597,1,65536,1,65536,5703,43,2818048,1,65536,1262,9,589824,0,0,352,0,0,6,393216,36,0,0,0,0,,,,
random-chr17,chr17-0,GRCh38#0#chr17,51291788,51321788,30000,keep1,off,1000,contained,100000,65536,True,,1,855,3,90090,61,3997696,24,1572864,61,24,0,0,,3,9543,208,9.7,ok,623,1,65536,1,65536,5932,43,2818048,1,65536,2977,17,1114112,22,1441792,0,0,0,0,0,10,0,0,0,0,768,1024,87,0
random-chr17,chr17-0,GRCh38#0#chr17,51291788,51321788,30000,keep8,off,1000,contained,100000,65536,True,,1,868,9,134313,61,3997696,24,1572864,61,24,0,0,,9,9402,209,9.6,ok,614,1,65536,1,65536,5849,43,2818048,1,65536,2927,17,1114112,22,1441792,0,0,0,0,0,11,0,0,0,0,698,1047,87,0
random-chr17,chr17-1,GRCh38#0#chr17,12605483,12635483,30000,sampled,off,1000,contained,100000,65536,True,,1,1133,464,3231597,51,3342336,9,589824,51,9,0,0,,,8483,212,8.6,ok,655,1,65536,1,65536,6303,43,2818048,1,65536,1100,7,458752,0,0,385,0,0,7,458752,40,0,0,0,0,,,,
random-chr17,chr17-1,GRCh38#0#chr17,12605483,12635483,30000,keep1,off,1000,contained,100000,65536,True,,1,809,3,86671,58,3801088,24,1572864,58,24,0,0,,3,9240,207,9.4,ok,596,1,65536,1,65536,5961,43,2818048,1,65536,2672,14,917504,22,1441792,0,0,0,0,0,11,0,0,0,0,650,877,89,0
random-chr17,chr17-1,GRCh38#0#chr17,12605483,12635483,30000,keep8,off,1000,contained,100000,65536,True,,1,837,9,129460,58,3801088,24,1572864,58,24,0,0,,9,9079,207,9.2,ok,603,1,65536,1,65536,5985,43,2818048,1,65536,2479,14,917504,22,1441792,0,0,0,0,0,13,0,0,0,0,622,890,88,1
random-chr6,chr6-0,GRCh38#0#chr6,118832865,118932865,100000,sampled,off,1000,contained,100000,65536,True,,1,4354,465,13582965,56,3670016,12,786432,56,12,0,0,,,8992,350,9.1,ok,722,1,65536,1,65536,5908,43,2818048,1,65536,1671,12,786432,0,0,549,0,0,10,655360,142,0,0,0,0,,,,
random-chr6,chr6-0,GRCh38#0#chr6,118832865,118932865,100000,keep1,off,1000,contained,100000,65536,True,,1,2987,3,322091,63,4128768,23,1507328,63,23,0,0,,3,16916,214,17.1,ok,670,1,65536,1,65536,5933,43,2818048,1,65536,10281,19,1245184,21,1376256,0,0,0,0,0,31,0,0,0,0,6259,2064,422,0
random-chr6,chr6-0,GRCh38#0#chr6,118832865,118932865,100000,keep8,off,1000,contained,100000,65536,True,,1,3076,9,499698,63,4128768,23,1507328,63,23,0,0,,9,16743,212,16.9,ok,611,1,65536,1,65536,6262,43,2818048,1,65536,9836,19,1245184,21,1376256,0,0,0,0,0,34,0,0,0,0,5935,1772,464,0
random-chr6,chr6-1,GRCh38#0#chr6,137479697,137579697,100000,sampled,off,1000,contained,100000,65536,True,,1,4474,464,14144144,54,3538944,12,786432,54,12,0,0,,,14163,334,14.3,ok,698,1,65536,1,65536,5973,43,2818048,1,65536,1565,10,655360,0,0,5613,0,0,10,655360,314,0,0,0,0,,,,
random-chr6,chr6-1,GRCh38#0#chr6,137479697,137579697,100000,keep1,off,1000,contained,100000,65536,True,,1,3224,3,338143,67,4390912,26,1703936,67,26,0,0,,3,15878,208,16.0,ok,640,1,65536,1,65536,6469,43,2818048,1,65536,8741,23,1507328,24,1572864,0,0,0,0,0,27,0,0,0,0,4506,2669,192,0
random-chr6,chr6-1,GRCh38#0#chr6,137479697,137579697,100000,keep8,off,1000,contained,100000,65536,True,,1,3318,9,523611,67,4390912,26,1703936,67,26,0,0,,9,16998,223,17.1,ok,802,1,65536,1,65536,10540,43,2818048,1,65536,5629,23,1507328,24,1572864,0,0,0,0,0,26,0,0,0,0,786,2724,263,1
random-chr6,chr6-2,GRCh38#0#chr6,29972577,30072577,100000,sampled,off,1000,contained,100000,65536,True,,1,6196,464,18306554,59,3866624,11,720896,59,11,0,0,,,15029,391,15.2,ok,600,1,65536,1,65536,10032,43,2818048,1,65536,3609,15,983040,0,0,626,0,0,9,589824,163,0,0,0,0,,,,
random-chr6,chr6-2,GRCh38#0#chr6,29972577,30072577,100000,keep1,off,1000,contained,100000,65536,True,,1,4502,3,432201,78,5111808,25,1638400,78,25,0,0,,3,15733,230,15.9,ok,595,1,65536,1,65536,9535,43,2818048,1,65536,5546,34,2228224,23,1507328,0,0,0,0,0,56,0,0,0,0,784,2444,250,1
random-chr6,chr6-2,GRCh38#0#chr6,29972577,30072577,100000,keep8,off,1000,contained,100000,65536,True,,1,4915,9,751908,78,5111808,25,1638400,78,25,0,0,,9,15524,263,15.7,ok,600,1,65536,1,65536,9137,43,2818048,1,65536,5734,34,2228224,23,1507328,0,0,0,0,0,53,0,0,0,0,851,2565,256,0
random-chr6,chr6-3,GRCh38#0#chr6,44942426,45042426,100000,sampled,off,1000,contained,100000,65536,True,,1,3992,464,12756586,55,3604480,12,786432,55,12,0,0,,,11318,324,11.5,ok,574,1,65536,1,65536,8092,43,2818048,1,65536,1987,11,720896,0,0,549,0,0,10,655360,116,0,0,0,0,,,,
random-chr6,chr6-3,GRCh38#0#chr6,44942426,45042426,100000,keep1,off,1000,contained,100000,65536,True,,1,2832,3,311293,65,4259840,28,1835008,65,28,0,0,,3,11972,216,12.1,ok,604,1,65536,1,65536,7391,43,2818048,1,65536,3950,21,1376256,26,1703936,0,0,0,0,0,27,0,0,0,0,863,1267,224,0
random-chr6,chr6-3,GRCh38#0#chr6,44942426,45042426,100000,keep8,off,1000,contained,100000,65536,True,,1,2943,9,480165,65,4259840,28,1835008,65,28,0,0,,9,12023,222,12.2,ok,576,1,65536,1,65536,7403,43,2818048,1,65536,4002,21,1376256,26,1703936,0,0,0,0,0,42,0,0,0,0,726,1434,245,1
random-chr6,chr6-4,GRCh38#0#chr6,140838340,140938340,100000,sampled,off,1000,contained,100000,65536,True,,1,3564,465,11299989,55,3604480,11,720896,55,11,0,0,,,10065,309,10.2,ok,621,1,65536,1,65536,6906,43,2818048,1,65536,1866,11,720896,0,0,561,0,0,9,589824,112,0,0,0,0,,,,
random-chr6,chr6-4,GRCh38#0#chr6,140838340,140938340,100000,keep1,off,1000,contained,100000,65536,True,,1,2536,3,288832,65,4259840,25,1638400,65,25,0,0,,3,10655,215,10.8,ok,620,1,65536,1,65536,6140,43,2818048,1,65536,3864,21,1376256,23,1507328,0,0,0,0,0,31,0,0,0,0,915,1290,165,1
random-chr6,chr6-4,GRCh38#0#chr6,140838340,140938340,100000,keep8,off,1000,contained,100000,65536,True,,1,2655,9,439879,65,4259840,25,1638400,65,25,0,0,,9,16265,218,16.4,ok,5439,1,65536,1,65536,6852,43,2818048,1,65536,3953,21,1376256,23,1507328,0,0,0,0,0,21,0,0,0,0,993,1300,173,0
random-chr6,chr6-5,GRCh38#0#chr6,106563611,106663611,100000,sampled,off,1000,contained,100000,65536,True,,1,4722,464,14874318,55,3604480,11,720896,55,11,0,0,,,9092,331,9.3,ok,675,1,65536,1,65536,6096,43,2818048,1,65536,1691,11,720896,0,0,503,0,0,9,589824,128,0,0,0,0,,,,
random-chr6,chr6-5,GRCh38#0#chr6,106563611,106663611,100000,keep1,off,1000,contained,100000,65536,True,,1,3407,3,354177,59,3866624,28,1835008,59,28,0,0,,3,9658,212,9.8,ok,652,1,65536,1,65536,6097,43,2818048,1,65536,2870,15,983040,26,1703936,0,0,0,0,0,38,0,0,0,0,715,528,190,1
random-chr6,chr6-5,GRCh38#0#chr6,106563611,106663611,100000,keep8,off,1000,contained,100000,65536,True,,1,3586,9,555322,59,3866624,28,1835008,59,28,0,0,,9,9820,234,10.0,ok,613,1,65536,1,65536,6118,43,2818048,1,65536,3062,15,983040,26,1703936,0,0,0,0,0,27,0,0,0,0,726,601,202,0
random-chr6,chr6-6,GRCh38#0#chr6,100461421,100561421,100000,sampled,off,1000,contained,100000,65536,True,,1,3171,465,10118224,54,3538944,12,786432,54,12,0,0,,,8861,323,9.0,ok,605,1,65536,1,65536,6197,43,2818048,1,65536,1463,10,655360,0,0,511,0,0,10,655360,86,0,0,0,0,,,,
random-chr6,chr6-6,GRCh38#0#chr6,100461421,100561421,100000,keep1,off,1000,contained,100000,65536,True,,1,2205,3,264409,62,4063232,26,1703936,62,26,0,0,,3,10070,205,10.2,ok,689,1,65536,1,65536,6146,43,2818048,1,65536,3214,18,1179648,24,1572864,0,0,0,0,0,21,0,0,0,0,702,1030,188,0
random-chr6,chr6-6,GRCh38#0#chr6,100461421,100561421,100000,keep8,off,1000,contained,100000,65536,True,,1,2247,9,394796,62,4063232,26,1703936,62,26,0,0,,9,9979,216,10.1,ok,590,1,65536,1,65536,6202,43,2818048,1,65536,3167,18,1179648,24,1572864,0,0,0,0,0,19,0,0,0,0,671,1037,181,0
random-chr6,chr6-7,GRCh38#0#chr6,132451103,132551103,100000,sampled,off,1000,contained,100000,65536,True,,1,4215,464,13236450,54,3538944,11,720896,54,11,0,0,,,9196,342,9.4,ok,705,1,65536,1,65536,6316,43,2818048,1,65536,1580,10,655360,0,0,501,0,0,9,589824,93,0,0,0,0,,,,
random-chr6,chr6-7,GRCh38#0#chr6,132451103,132551103,100000,keep1,off,1000,contained,100000,65536,True,,1,2921,3,317319,66,4325376,25,1638400,66,25,0,0,,3,10843,217,11.0,ok,630,1,65536,1,65536,6423,43,2818048,1,65536,3770,22,1441792,23,1507328,0,0,0,0,0,19,0,0,0,0,698,1553,170,0
random-chr6,chr6-7,GRCh38#0#chr6,132451103,132551103,100000,keep8,off,1000,contained,100000,65536,True,,1,3141,9,500114,66,4325376,25,1638400,66,25,0,0,,9,11096,223,11.2,ok,680,1,65536,1,65536,6684,43,2818048,1,65536,3712,22,1441792,23,1507328,0,0,0,0,0,20,0,0,0,0,682,1543,197,0
random-chr6,chr6-8,GRCh38#0#chr6,8938968,9038968,100000,sampled,off,1000,contained,100000,65536,True,,1,4229,465,13235028,56,3670016,10,655360,56,10,0,0,,,9114,344,9.3,ok,645,1,65536,1,65536,6123,43,2818048,1,65536,1736,12,786432,0,0,481,0,0,8,524288,129,0,0,0,0,,,,
random-chr6,chr6-8,GRCh38#0#chr6,8938968,9038968,100000,keep1,off,1000,contained,100000,65536,True,,1,2987,3,322429,67,4390912,27,1769472,67,27,0,0,,3,10942,214,11.1,ok,646,1,65536,1,65536,6170,43,2818048,1,65536,4103,23,1507328,25,1638400,0,0,0,0,0,22,0,0,0,0,955,1498,141,0
random-chr6,chr6-8,GRCh38#0#chr6,8938968,9038968,100000,keep8,off,1000,contained,100000,65536,True,,1,3164,9,502239,67,4390912,27,1769472,67,27,0,0,,9,11009,221,11.2,ok,627,1,65536,1,65536,6142,43,2818048,1,65536,4207,23,1507328,25,1638400,0,0,0,0,0,33,0,0,0,0,892,1565,171,0
random-chr6,chr6-9,GRCh38#0#chr6,126982166,127082166,100000,sampled,off,1000,contained,100000,65536,True,,1,3104,464,9673515,54,3538944,12,786432,54,12,0,0,,,8856,309,9.0,ok,662,1,65536,1,65536,6194,43,2818048,1,65536,1432,10,655360,0,0,485,0,0,10,655360,84,0,0,0,0,,,,
random-chr6,chr6-9,GRCh38#0#chr6,126982166,127082166,100000,keep1,off,1000,contained,100000,65536,True,,1,2101,3,256862,64,4194304,25,1638400,64,25,0,0,,3,10746,214,10.9,ok,631,1,65536,1,65536,6217,43,2818048,1,65536,3881,20,1310720,23,1507328,0,0,0,0,0,17,0,0,0,0,911,1412,201,0
random-chr6,chr6-9,GRCh38#0#chr6,126982166,127082166,100000,keep8,off,1000,contained,100000,65536,True,,1,2178,9,384598,64,4194304,25,1638400,64,25,0,0,,9,10519,206,10.6,ok,629,1,65536,1,65536,6153,43,2818048,1,65536,3712,20,1310720,23,1507328,0,0,0,0,0,24,0,0,0,0,865,1280,224,0
random-chr1,chr1-0,GRCh38#0#chr1,12673530,12773530,100000,sampled,off,1000,contained,100000,65536,True,,1,4766,466,13437392,57,3735552,12,786432,57,12,0,0,,,9784,345,9.9,ok,673,1,65536,1,65536,6168,43,2818048,1,65536,2087,13,851968,0,0,742,0,0,10,655360,113,0,0,0,0,,,,
random-chr1,chr1-0,GRCh38#0#chr1,12673530,12773530,100000,keep1,off,1000,contained,100000,65536,True,,1,3215,3,318899,64,4194304,26,1703936,64,26,0,0,,3,10727,216,10.9,ok,665,1,65536,1,65536,6005,43,2818048,1,65536,4036,20,1310720,24,1572864,0,0,0,0,0,22,0,0,0,0,1072,874,144,1
random-chr1,chr1-0,GRCh38#0#chr1,12673530,12773530,100000,keep8,off,1000,contained,100000,65536,True,,1,3543,9,509733,64,4194304,26,1703936,64,26,0,0,,9,11047,221,11.2,ok,633,1,65536,1,65536,6455,43,2818048,1,65536,3931,20,1310720,24,1572864,0,0,0,0,0,27,0,0,0,0,923,986,203,0
random-chr1,chr1-1,GRCh38#0#chr1,83820237,83920237,100000,sampled,off,1000,contained,100000,65536,True,,1,3929,464,9897680,54,3538944,12,786432,54,12,0,0,,,9541,336,9.7,ok,631,1,65536,1,65536,6590,43,2818048,1,65536,1706,10,655360,0,0,521,0,0,10,655360,92,0,0,0,0,,,,
random-chr1,chr1-1,GRCh38#0#chr1,83820237,83920237,100000,keep1,off,1000,contained,100000,65536,True,,1,2739,3,271209,63,4128768,27,1769472,63,27,0,0,,3,10834,220,11.0,ok,625,1,65536,1,65536,6448,43,2818048,1,65536,3742,19,1245184,25,1638400,0,0,0,0,0,20,0,0,0,0,672,1233,223,0
random-chr1,chr1-1,GRCh38#0#chr1,83820237,83920237,100000,keep8,off,1000,contained,100000,65536,True,,1,2886,9,404474,63,4128768,27,1769472,63,27,0,0,,9,10783,219,10.9,ok,645,1,65536,1,65536,6407,43,2818048,1,65536,3710,19,1245184,25,1638400,0,0,0,0,0,20,0,0,0,0,664,1341,266,0
random-chr17,chr17-0,GRCh38#0#chr17,80615772,80715772,100000,sampled,off,1000,contained,100000,65536,True,,1,37683,464,68849495,82,5373952,23,1507328,82,23,0,0,,,15721,888,15.9,ok,648,1,65536,1,65536,6574,43,2818048,1,65536,6593,38,2490368,0,0,1105,0,0,21,1376256,800,0,0,0,0,,,,
random-chr17,chr17-0,GRCh38#0#chr17,80615772,80715772,100000,keep1,off,1000,contained,100000,65536,True,,1,16302,3,1495479,83,5439488,35,2293760,83,35,0,0,,3,14339,353,14.5,ok,735,1,65536,1,65536,6587,43,2818048,1,65536,6900,39,2555904,33,2162688,0,0,0,0,0,116,0,0,0,0,780,218,529,0
random-chr17,chr17-0,GRCh38#0#chr17,80615772,80715772,100000,keep8,off,1000,contained,100000,65536,True,,1,22810,9,2697962,83,5439488,35,2293760,83,35,0,0,,9,15776,390,15.9,ok,722,1,65536,1,65536,6863,43,2818048,1,65536,8058,39,2555904,33,2162688,0,0,0,0,0,132,0,0,0,0,779,358,737,0
random-chr17,chr17-1,GRCh38#0#chr17,78601456,78701456,100000,sampled,off,1000,contained,100000,65536,True,,1,4955,464,13989005,54,3538944,12,786432,54,12,0,0,,,9750,372,9.9,ok,666,1,65536,1,65536,6438,43,2818048,1,65536,1982,10,655360,0,0,546,0,0,10,655360,118,0,0,0,0,,,,
random-chr17,chr17-1,GRCh38#0#chr17,78601456,78701456,100000,keep1,off,1000,contained,100000,65536,True,,1,3444,3,336070,68,4456448,26,1703936,68,26,0,0,,3,11188,220,11.3,ok,616,1,65536,1,65536,6341,43,2818048,1,65536,4208,24,1572864,24,1572864,0,0,0,0,0,23,0,0,0,0,625,1701,199,0
random-chr17,chr17-1,GRCh38#0#chr17,78601456,78701456,100000,keep8,off,1000,contained,100000,65536,True,,1,3687,9,529489,68,4456448,26,1703936,68,26,0,0,,9,11004,222,11.1,ok,654,1,65536,1,65536,6420,43,2818048,1,65536,3906,24,1572864,24,1572864,0,0,0,0,0,24,0,0,0,0,599,1802,221,0
